signature;translation;speech part;transcription;synonyms;sentences;groups
abandon;"отказываться от; оставлять, покидать; бросать";verb;əˈbændən;desert, forsake, leave;;
abashed;сконфуженный, смущенный;adjective;;;He merely sprang to the side and ran stiffly ahead for several awkward leaps, in carriage and conduct resembling an abashed country swain.;WHITE FANG (book)
abbot;"аббат; настоятель монастыря";noun;ˈæbət;;The abbot's wise counsel could not tame Nikita's ambitious desire to be a recluse.;MYSTAGOGY, religion
abide by;"придерживаться; следовать; соблюдать";phrase;;comply, obey;Competitors must abide by the judge's decision.;LANGUAGE COURSES, law, phrasal verbs
ablaze;горящий, пылающий;adjective;;;The house was ablaze, and the flames and smoke could be seen for miles around.;REPEATING
aboard;на борту (корабля, самолета, поезда);adverb;;;All aboard![Посадка заканчивается!] | I saw two inflatable dinghies aboard. | Lin Zhiling brought many things with her handbag when she went aboard a plane.;holidays, LANGUAGE COURSES
about-face;поворот кругом, на 180 градусов ;noun;;;Harry made a sharp about-face and held the broom steady.;HARRY POTTER AND THE SORCERER'S STONE (book)
abrupt;внезапный, неожиданный;adjective;;sudden;;
absent-minded;рассеянный;adjective;;abstracted;You are uncommonly absent-minded today.[Вы сегодня необычайно рассеянны.];LANGUAGE COURSES
abstracted;"погружённый в свои мысли; рассеянный";adjective;;absent-minded;He was passing through the alley with the same abstracted air.;REPEATING, traits
abysmal;очень плохой, отвратительный (very bad);adjective;əˈbɪzm(ə)l;;Even Neville scraped through, his good Herbology mark making up for his abysmal Potions one.;HARRY POTTER AND THE SORCERER'S STONE (book)
accomplish;"1) выполнять; совершать; 2) завершать, доводить до конца; 3) совершенствовать";verb;;carry out, execute, fulfil;;
accumulate;"накапливать, скапливать(ся), аккумулировать; набираться, скопляться";verb;;collect, gather;;
accuse;обвинять, винить;verb;;blame, charge;She was accused of misusing company funds.;
ace;"1) опытнейший; выдающийся; 2) of the highest quality";adjective;;splendid, superior;I'll show you the door in short order if you flunked English, you little ace composition writer.;THE CATCHER IN THE RYE (book)
achieve;достигать, добиваться;verb;;attain, reach;According to some experts, achieving unenjoyable tasks during our work actually contributes to our sense of well-being.;
acquire;"приобретать, получать; наживать, наварить";verb;;gain, get, obtain;To reinforce your knowledge of streams acquired in the previous section, let's explore another System.IO capability that was added a few .NET Framework versions ago: (named) pipes.;сложные слова
addict;"наркоман; заядлый любитель";noun;ˈædɪkt;fiend;Although genuine workaholics are uncommon, many of us are job addicts without realising it.;LANGUAGE COURSES, odd people, work
adherent;"приверженец; адепт, поборник, сторонник";noun;ədˈhɪər(ə)nt;;This eventually led to the official condemnation of Bogomilism by the Orthodox Church and the fleeing of adherents of Bogomilism to the West where they reestablished themselves.;MYSTAGOGY, religion
administer;"управлять; вести; вести дела";verb;;manage;The economy has been badly administered by the present government.;work
adore;обожать;verb;;;Ernest just adores it.;THE CATCHER IN THE RYE (book), самые сложные слова
affectionate;"нежный; любящий";adjective;;tender;She's very affectionate. I mean she's quite affectionate, for a child.;THE CATCHER IN THE RYE (book), traits
affirm;утверждать, торжественно заявлять;verb;;assert;;
affirmation;"1) утверждение, заявление; 2) подтверждение, заверение";noun;;assertion, confirmation, corroboration;;
aggregate;"собирать в одно целое, объединять, соединять; сосредоточивать";verb;ˈægrɪˌgeɪt;;;
agony;"1) мука, мучение, страдание (душевное или физическое); 2) агония, предсмертное состояние";noun;ˈægənɪ;;It was agony to touch a person marked by something so good.;HARRY POTTER AND THE SORCERER'S STONE (book)
aim;"1) цель, намерение, стремление; 2) прицел; 3) мишень";noun;;end, goal, objective, purpose, target;;
air;"1) воздух; атмосфера; 2) вид; внешний вид; выражение лица";noun;;;"He was passing through the alley with the same abstracted air. | It was Blythe, who walked with the air of a rich man, but whose outward appearance was very shabby. | ""Oh, are you a prefect, Percy?"" said one of the twins, with an air of great surprise. | The report of the pistol echoed through the air.";appearance, HARRY POTTER AND THE SORCERER'S STONE (book)
aisle;"проход; пролет; коридор";noun;aɪl;;They're always leaving their goddam bags out in the middle of the aisle.;THE CATCHER IN THE RYE (book)
ajar;приоткрытый;adjective;əˈʤɑː;;A door stood ajar to his left.;HARRY POTTER AND THE SORCERER'S STONE (book)
alas;увы!;interjection;əˈlæs;;Alas, the first thing you ask me, I cannot tell you.;HARRY POTTER AND THE SORCERER'S STONE (book)
alias;вымышленное имя, прозвище, кличка;noun;ˈeɪlɪəs;;C# 2.0 introduced the concept of extern aliases to alleviate this problem.;INFORMATION TECHNOLOGIES
allay;успокаивать, подавлять (страх, волнение, боль);verb;əˈleɪ;quench, relieve;To allay any potential confusion about erasure, you must clearly understand that it is not a language feature.;INFORMATION TECHNOLOGIES
all but;едва не, почти;adverb;;;According to him, we now have identical high streets worldwide, local cultures have been eroded and national identities have all but disappeared.;LANGUAGE COURSES
allegiance;верность, преданность (loyalty and support for a ruler, country, group or belief);noun;əˈliːʤ(ə)n(t)s;loyalty;Soldiers must swear allegiance to the King.;LANGUAGE COURSES, самые сложные слова
alleviate;"облегчать (боль, страдания); смягчать";verb;əˈliːvɪeɪt;facilitate, relieve;C# 2.0 introduced the concept of extern aliases to alleviate this problem.;INFORMATION TECHNOLOGIES
all of a sudden;"вдруг; внезапно; неожиданно";adverb;;;He put down his razor, and all of a sudden jerked his arms up and sort of broke my hold on him. | I was still feeling sort of dizzy or something, and I had a helluva headache all of a sudden.;THE CATCHER IN THE RYE (book)
allow;"1) позволять, разрешать; 2) допускать, предоставлять";verb;;let, permit;The newscaster allowed himself a grin.;
alloy;сплав;noun;ˈælɔɪ;;Brass is an alloy of copper and zinc.;LANGUAGE COURSES, materials
all too;слишком, чересчур (в негативном смысле);adverb;;;All too often nowadays, we hear these black and white opinions about 'globalisation'.;LANGUAGE COURSES
alongside;"неподалёку, поблизости; около, возле, рядом";adverb;;;Most of the staff refused to work alongside the new team.;LANGUAGE COURSES
alter;"(видо)изменять; переделывать; менять";verb;;change, vary;We've had to alter some of our plans.;LANGUAGE COURSES
alternately;"чередуясь, поочерёдно; попеременно";adverb;ɔːlˈtɜːnətlɪ;;The dictionary calls it 'keeping two or more objects in the air at one time by alternately tossing and catching them'.;LANGUAGE COURSES
amalgam;"1) амальгама; 2) сочетание, смесь";noun;əˈmælgəm;;On the surface, it looks like LINQ forms a foreign island in an otherwise imperative language, but in reality it's built out of an amalgam of smaller language features that provide benefits in and of themselves, too.;INFORMATION TECHNOLOGIES
amaze;"изумлять; удивлять; поражать";verb;;astonish;He was amazed when the owls soared down and dropped this large parcel right in front of him.;
amble;идти лёгким шагом (to walk in a slow and relaxed way);verb;;;"""You two've got them, too,"" he added, as Fred and George ambled in, still in their pajamas.";HARRY POTTER AND THE CHAMBER OF SECRETS (book), moving (verbs)
ameliorate;улучшать, улучшаться (to make a bad or unpleasant situation better);verb;əˈmiːlɪ(ə)reɪt;;The plain use of delegates for event-based programming seems promising, but there are a few caveats that require a slightly ameliorated approach.;INFORMATION TECHNOLOGIES
amusement;развлечение, забава;noun;;;amusement park[парк аттракционов];
anger;"гнев, ярость; злость";noun;;fury, rage;;violence
angry;сердитый, гневный, раздраженный;adjective;;cross;So Malfoy, jealous and angry, had gone back to taunting Harry about having no proper family.;traits
annihilate;"уничтожать; истреблять";verb;əˈnaɪəˌleɪt;demolish, destroy, ruin;;battle
annoy;"досаждать, докучать, надоедать; раздражать";verb;;get at, irritate, rile;You can be really annoying at times, you know.;
anorak;теплая куртка с капюшоном;noun;;;;clothes
answer;"отвечать, откликаться; реагировать, возражать";verb;;reply, respond;;
answer smb. back;дерзить, грубить (в ответ) ;phrase;;;Never answer her back.[Никогда не грубите ей.];education, LANGUAGE COURSES, phrasal verbs
anteater;муравьед;noun;;;;animals
anticipate;"1) ожидать; 2) предвидеть, предчувствовать, предвкушать; 3) опережать, забегать вперед, делать раньше времени";verb;;await, expect;;сложные слова
apiece;"поштучно; на каждого";adverb;;;My parents would have about two hemorrhages apiece if I told anything pretty personal about them.;THE CATCHER IN THE RYE (book)
apothecary;"аптекарь; аптека";noun;əˈpɔθəˌkerɪ;;Then they visited the Apothecary, which was fascinating enough to make up for its horrible smell, a mixture of bad eggs and rotted cabbages.;HARRY POTTER AND THE SORCERER'S STONE (book), professions
apparent;явный, очевидный;adjective;;evident, obvious;;сложные слова
appeal;взывать, просить, умолять, упрашивать (о чём-л.);verb;əˈpiːl;;With no work they spend their days begging for alms, appealing to the generosity of passers-by.;LANGUAGE COURSES
appear;появляться, являться;verb;;arise, emerge, spring up;Draco Malfoy didn't go red, but a pink tinge appeared in his pale cheeks.;
appetite;"1) аппетит; 2) охота, склонность к чему-л.";noun;ˈæpɪtaɪt;;"For most of their lives, their personality, self-esteem and status have been defined by work; without it, they lose their appetite for life.";LANGUAGE COURSES, work
apply oneself;приналечь;phrase;;;I wasn't supposed to come back after Christmas vacation on account of I was flunking four subjects and not applying myself and all.;THE CATCHER IN THE RYE (book), самые сложные слова
appointment;свидание, условленная встреча (a formal arrangement to meet or visit someone at a particular time and place);noun;;;I've got an appointment to see Ms Edwards at two o'clock.;LANGUAGE COURSES
apprehensive;испытывающий тревогу, полный страха;adjective;;;"""Clearly,"" said Mr. Malfoy, his pale eyes straying to Mr. and Mrs. Granger, who were watching apprehensively.";fear, HARRY POTTER AND THE CHAMBER OF SECRETS (book)
apron;передник, фартук;noun;ˈeɪpr(ə)n;;She was wearing a flowered apron with a wand sticking out of the pocket.;clothes, HARRY POTTER AND THE CHAMBER OF SECRETS (book)
arise;"1) возникать, появляться; 2) подниматься; вставать";verb;;appear, emerge, spring up;She said not to look at her when she comes in. She just arose from the sack.;
around the corner;not far away, or going to happen (very) soon (на носу);phrase;;;There's a family that lives around the corner from this hotel.;idioms, INFORMATION TECHNOLOGIES
arrest;арестовывать, задерживать;verb;;take into custody;;violence
arrogant;заносчивый, высокомерный, надменный;adjective;ˈærəgənt;conceited, proud, vain;I found him arrogant and rude.;LANGUAGE COURSES, traits
ash;"1) зола, пепел; 2) ясень";noun;;;Cigar ash may be mixed with chalk to make tooth powder. | Irish folklore claims that shadows from an ash tree would damage crops.;plants, REPEATING
assassinate;убивать;verb;;kill, murder, slay;;violence
assemble;"1) collect in one place; 2) get people together";verb;;gather;;
assert;"1) утверждать, заявлять (state categorically); 2) отстаивать, защищать";verb;;affirm;to assert one's rights[отстаивать свои права];
assertion;утверждение, заявление;noun;;affirmation, claim;;
assess;"1) определять сумму (налога, штрафа); 2) облагать налогом, штрафовать; 3) оценивать";verb;;estimate, evaluate, gauge;;самые сложные слова, сложные слова
assume;допускать, предполагать;verb;;;"Ignore managed heap generations for now; we'll assume there's one contiguous block of memory available to comprise the entire managed object heap.";INFORMATION TECHNOLOGIES
astonish;"удивлять; изумлять";verb;;amaze;the price was astonishingly cheap;holidays, LANGUAGE COURSES
asylum;"1) убежище, пристанище, прибежище; 2) приют (благотворительное учреждение для инвалидов, одиноких, психически больных)";noun;əˈsaɪləm;;to grant political asylum[предоставить политическое убежище];LANGUAGE COURSES
atrocity;жестокость, зверство;noun;;brutality, cruelty;;violence
attain;"достигать, добиваться; добираться";verb;;achieve, reach;He leaped with a terrific energy, doubled like a spring, attained speed, and moved with effortless beauty.;
at the same instant;"мгновенно; в то же мгновение";adverb;;;At the same instant, black flames shot up in the doorway leading onward.;HARRY POTTER AND THE SORCERER'S STONE (book)
attic;чердак;noun;;;But all we've got is a lousy old ghoul in the attic and gnomes all over the garden.;HARRY POTTER AND THE CHAMBER OF SECRETS (book)
at times;"иногда; временами";adverb;;;You can be really annoying at times, you know.;LANGUAGE COURSES
audible;"слышный, внятный; слышимый";adjective;ˈɔːdəbl;;"""Mum fancies  him,"" said Fred, in a very audible whisper.";HARRY POTTER AND THE CHAMBER OF SECRETS (book)
audience;зрители, публика, аудитория;noun;;;;THE CATCHER IN THE RYE (book)
augment;"1) усиливать; увеличивать, расширять; 2) прибавлять, приращивать; пополнять";verb;ɔːgˈment;;Use primitive wrappers only when you want to augment the value and persist state.;INFORMATION TECHNOLOGIES
au pair;иностранка-помощница по хозяйству;noun;ˌəʋˈpeər;;;LANGUAGE COURSES
authentic;аутентичный, истинный, настоящий, подлинный;adjective;ɔːˈθentɪk;genuine;For example, Indian food in Britain is not the same as an authentic curry from India, but for some, it's more better.;LANGUAGE COURSES, materials
auxiliary;"1) вспомогательный; 2) дополнительный, добавочный; запасной";adjective;ɔːgˈzɪlɪ(ə)rɪ;;Much more can be done, including the creation of a REPL using all the shared functionality exposed in Microsoft.Scripting and auxiliary assemblies.;INFORMATION TECHNOLOGIES
avenge;мстить;verb;;revenge;;violence
avoid;избегать, уклоняться;verb;;dodge, duck, evade, shun;The driver swerved to avoid hitting the dog.;
await;ждать, ожидать;verb;;anticipate, expect;;
awake;не спящий, проснувшийся, бодрствующий;adjective;;;His Aunt Petunia was awake and it was her shrill voice that made the first noise of the day.;
awe;"страх, трепет; благоговение";noun;;dread, fear, fright, horror, terror;;fear, violence
awkward;неуклюжий, неловкий;adjective;;cumbersome;He merely sprang to the side and ran stiffly ahead for several awkward leaps, in carriage and conduct resembling an abashed country swain.;WHITE FANG (book)
ax;"топор, секира; сокращение (ассигнований, бюджета)";noun;;;;
babble;"лепет; бормотание; болтовня (a continuous low or confused sound, especially the sound of several people talking)";noun;;;Owls hooted to one another in a disgruntled sort of way over the babble and the scraping of heavy trunks.;HARRY POTTER AND THE SORCERER'S STONE (book)
back out;"отказаться от участия в (чём-л.); уклониться от (чего-л.) (make a retreat from an earlier commitment or activity)";phrase;;retreat, withdraw;There isn't a reserve Seeker. If I back out, Gryffindor can't play at all.;battle, HARRY POTTER AND THE SORCERER'S STONE (book), phrasal verbs
baffle;"1) озадачивать, ставить в тупик; 2) мешать, препятствовать; 3) изменять течение";verb;;hamper;;самые сложные слова, сложные слова
bald;"лысый; облысевший; безволосый";adjective;;;"He was one of those bald guys that comb all their hair over from the side to cover up the baldness. | Once, Aunt Petunia, tired of Harry coming back from the barbers looking as though he hadn't been at all, had taken a pair of kitchen scissors and cut his hair so short he was almost bald except for his bangs, which she left ""to hide that horrible scar."" | Twelve feet tall, its skin was a dull, granite gray, its great lumpy body like a boulder with its small bald head perched on top like a coconut.";appearance, THE CATCHER IN THE RYE (book)
ban;запрещать;verb;;forbid, prohibit;;
bang;"1) бить, ударять, стукнуть (strike violently); 2) грохнуть, бахнуть; 3) с шумом захлопнуться (о двери)";verb;;slam;Dobby made a funny choking noise and then banged his head frantically against the wall.;sounds, striking (verbs)
bangs;челка;noun;;;"Once, Aunt Petunia, tired of Harry coming back from the barbers looking as though he hadn't been at all, had taken a pair of kitchen scissors and cut his hair so short he was almost bald except for his bangs, which she left ""to hide that horrible scar.""";appearance, HARRY POTTER AND THE SORCERER'S STONE (book)
bar;преграждать (путь), препятствовать (движению);verb;;;But halfway across the entrance hall they found the way upstairs barred by Crabbe and Goyle.;HARRY POTTER AND THE SORCERER'S STONE (book)
barber;парикмахер;noun;;;"Once, Aunt Petunia, tired of Harry coming back from the barbers looking as though he hadn't been at all, had taken a pair of kitchen scissors and cut his hair so short he was almost bald except for his bangs, which she left ""to hide that horrible scar.""";HARRY POTTER AND THE SORCERER'S STONE (book)
bare;голый, нагой, обнажённый;adjective;;naked, nude;;appearance
barge in;вторгаться;phrase;;;All of a sudden the door opened, and old Stradlater barged in, in a big hurry. | There was a shower right between every two rooms in our wing, and about eighty-five times a day old Ackley barged in on me.;phrasal verbs, THE CATCHER IN THE RYE (book), самые сложные слова
bark;"1) лаять; 2) (разг.) рявкать";verb;;;;animals, sounds
bash;"колотить; бить; сильно ударять";verb;;sock;You could see the two teams bashing each other all over the place.;striking (verbs), THE CATCHER IN THE RYE (book)
basically;"в своей основе; по существу, в основном";adverb;ˈbeɪsɪk(ə)lɪ;;Basically, all you need to do is bring some warm clothes and a packed lunch.;LANGUAGE COURSES
bask;греться (на солнце, у огня);verb;;;The Weasley twins and Lee Jordan were tickling the tentacles of a giant squid, which was basking in the warm shallows.;HARRY POTTER AND THE SORCERER'S STONE (book)
bat;"1) летучая мышь; 2) дубина, палка, бита (a club used for hitting a ball in various games) ";noun;;;He handed Harry a small club, a bit like a short baseball bat.;animals, HARRY POTTER AND THE SORCERER'S STONE (book)
battered;"изношенный, обветшалый, потёртый, потрёпанный; мятый";adjective;ˈbætəd;beat-up, frayed, ragged, shabby, worn-out;Ron's set of chess was very old and battered.;HARRY POTTER AND THE SORCERER'S STONE (book)
bawl;"1) кричать, орать во всю глотку; 2) громко плакать";verb;bɔːl;shout;"""Down with the traitor!"", the crowd bawled.[""Долой предателя!"", орала толпа.] | I was so mad, I was practically bawling.";sounds, THE CATCHER IN THE RYE (book), самые сложные слова
be able to meet tight deadlines;уметь выдерживать сжатые сроки;phrase;;;We have never been able to meet tight deadlines, have we?;LANGUAGE COURSES, work
be about;вот-вот собираться сделать что-л. (to be going to do something very soon);phrase;;;Hermione was skimming through all her notes, hoping to come across one of the enchantments they were about to try to break. | It was about the worst thing I could've done, because the minute I started to laugh I thought I was going to vomit.;phrasal verbs
be after;to be looking for someone or something or trying to find or get them;phrase;;;That's where he was going when we saw him - he's after whatever it's guarding!;HARRY POTTER AND THE SORCERER'S STONE (book), phrasal verbs
beam;"1) испускать лучи; сиять; 2) лучезарно улыбаться";verb;;glow, shine;Harry looked back at Hagrid, smiling, and saw that Hagrid was positively beaming at him.;HARRY POTTER AND THE SORCERER'S STONE (book), laught and smile, shine
bear;"1) переносить, перевозить, носить; 2) терпеть, вынести, выдерживать, вытерпеть";verb;;carry, endure, make up, put up with, stand;;violence
be around;быть популярным, известным;phrase;;;That song has been around for many years.[Эта песня много лет была популярной.];films, LANGUAGE COURSES, phrasal verbs
beat;"1) ударять, бить, колотить; 2) make a rhythmic sound; 3) move rhythmically; 4) перехитрить";verb;;clobber, drum, outfox, outsmart, outwit, pound, thump;;striking (verbs)
beat around the bush;to delay or avoid talking about something difficult or unpleasant but important;phrase;;;Don't beat around the bush - get to the point!;idioms, LANGUAGE COURSES
beat-up;потрепанный, поношенный;adjective;;battered, frayed, ragged, shabby, worn-out;I moved to Washington after a relationship with a very high-maintenance woman who hated my beat-up old car.;THE CATCHER IN THE RYE (book)
beautiful;"прекрасный; красивый; превосходный";adjective;;bonny, fair, good-looking, gorgeous, handsome, pretty;;appearance
beckon;"подзывать кивком головы; манить, делать знак (рукой, пальцем)";verb;ˈbekən;;Harry hissed at her to be quiet and beckoned them all forward.;HARRY POTTER AND THE SORCERER'S STONE (book)
become operational;"вступать в силу; быть запущенным в эксплуатацию";phrase;;;;holidays, LANGUAGE COURSES
be committed to smth.;быть преданным, приверженным чему-л.;phrase;;;"The staff and physicians at Amarillo Endoscopy Center are committed to providing patients with unsurpassed quality and cost effective services. | ""We are committed to supporting Haiti's economic growth,"" said Stewart Paperin, president of the Soros Economic Development Fund.";idioms, LANGUAGE COURSES, work
be conditioned into smth.;быть приученным к чему-л.;phrase;;;The reason you call them disinformation artists is because you've been conditioned into doing so. | We are being conditioned into thinking that if we do x, then y will happen in terms of relationships. | Women are conditioned into being like door mats too often.;education, LANGUAGE COURSES, work
bedrock; основополагающий, базовый, краеугольный;adjective;;;One bedrock principle of any service policy is the perception of fairness.;INFORMATION TECHNOLOGIES
be far apart;быть на большом расстоянии друг от друга;phrase;;;When you're far apart you rely so heavily on the phone.;LANGUAGE COURSES, relationship
be friends with smb.;быть в дружбе с кем-л.;phrase;;be on friendly terms with smb.;If I ever found out that a friend of mine had lied to me, I know I couldn't be friends with them anymore.;LANGUAGE COURSES, relationship
beg for alms;просить милостыню ;phrase;;;With no work they spend their days begging for alms, appealing to the generosity of passers-by.;LANGUAGE COURSES
behave oneself;вести себя как следует;phrase;;;She insists upon strict discipline throughout the school, and if you take my advice you will do your very best to behave yourselves in her presence.;education, LANGUAGE COURSES
Beijing;Пекин;noun;ˌbeɪˈʤɪŋ;;;geography, LANGUAGE COURSES
be in a hurry;спешить, торопиться;phrase;;hasten, hurry;;moving (verbs)
be in great demand;быть в большом спросе;phrase;;;Project managers, tax analysts, engineers will be in great demand in 2003.[В 2003 г. особенно цениться будут руководители проектов, налоговые аналитики и инженеры.];LANGUAGE COURSES
be in store for smb.;ждать в будущем;phrase;;;A lot of experiences are in store for him.;holidays, LANGUAGE COURSES
belch;"1) рыгать, страдать отрыжкой; 2) извергать, выбрасывать";verb;;erupt;;
beleaguer;осаждать, окружать, оцеплять;verb;;besiege, surround;;battle, сложные слова
beloved;возлюбленный, любимый, желанный;adjective;bɪˈlʌvd;;Pasa looked at him as a mother looks at a beloved but capricious child.;relationship, REPEATING
bend;"1) гнуть(ся), изгибать(ся); 2) наклоняться, нагибаться";verb;;bow, crouch, lean, stoop;A lively and charming girl bent over the gallery railing and smiled down at Goodwin. | Hagrid bent his great, shaggy head over Harry and gave him a very scratchy, whiskery kiss. | Jill and Eustace, now both very hot and very grubby from going along bent almost double under the laurels, panted up to the wall.;
be obsessed with smth.;быть одержимым чем-л.;phrase;;;Some husbands or wives can be obsessed with work, spending as much as 50 hours a week away from home.;LANGUAGE COURSES, work
be off one's rocker;быть чокнутым, с приветом;phrase;;;I always said he was off his rocker.;HARRY POTTER AND THE SORCERER'S STONE (book), idioms
be on friendly terms with smb.;быть в дружбе с кем-л.;phrase;;be friends with smb.;Hamees is on friendly terms with a tribe of Mazitu who say that they have given up killing people.;LANGUAGE COURSES, relationship
be on sick leave;быть на больничном;phrase;;;I'm afraid he will be on sick leave at least until the end of the month.;LANGUAGE COURSES, medicine, work
be on strike;бастовать;phrase;;;Bus drivers are on strike until the unions can agree a new pay deal.;LANGUAGE COURSES, work
be passionate about smth.;очень сильно любить делать что-л.;phrase;ˈpæʃ(ə)nət;;Joe is passionate about baseball.;LANGUAGE COURSES, work
be promoted;продвигаться по карьерной лестнице (to be raised to a higher or more important position or rank);phrase;;;She's just been promoted to senior sales rep.;LANGUAGE COURSES, work
berk;(slang) болван, дурак (a stupid person who is easy to take advantage of);noun;;dope, dunderhead, wally;You mean 999... That's the American one! You berk!;IT CROWD, odd people
berserk;исступлённый, обезумевший, яростный;adjective;bɜːˈsɜːk;;The shouting and the echoes seemed to be driving the troll berserk.;HARRY POTTER AND THE SORCERER'S STONE (book)
be set in;разворачиваться, происходить (о действии книги, фильма или спектакля);phrase;;;The film is set in Africa. | The novel is set in London in the 1960s.;films, LANGUAGE COURSES
beside oneself with smth.;вне себя от чего-л. (горя, волнения);phrase;;;They hurried up the street, the Grangers shaking with fright and Mrs. Weasley beside herself with fury.[Мистер и миссис Грэйнджеры дрожали от страха, а миссис Уизли кипела от ярости.];HARRY POTTER AND THE CHAMBER OF SECRETS (book), idioms
besiege;осаждать, обложить, окружить;verb;;beleaguer, surround;;battle
be through with;"покончить; закончить";phrase;;;I'm through with that pig.;phrasal verbs, THE CATCHER IN THE RYE (book), самые сложные слова
betray;изменять, предавать, продавать;verb;;give away, tell on smb.;He couldn't betray his master's trust.;REPEATING
be under the weather;недомогать (to feel ill);phrase;;;He wouldn't be under the weather today if he hadn't overworked, but he is all right now.;idioms, INTERNET, medicine
be up to;"1) замышлять что-л. недоброе; 2) зависеть от (кого-л.)";phrase;;;But how can I look without Quirrell realizing what I'm up to? | Hanging around like this, people will think you're up to something.;HARRY POTTER AND THE SORCERER'S STONE (book), phrasal verbs
bewilder;"смущать; озадачивать, ставить в тупик; сбивать с толку";verb;;confuse, embarrass;;самые сложные слова, сложные слова
bewitch;"1) заколдовывать (cast a spell over someone or something); 2) очаровывать; пленять";verb;;captivate, charm, entrance, fascinate, jinx;It's bewitched to look like the sky outside.;HARRY POTTER AND THE SORCERER'S STONE (book)
biased;необъективный, предвзятый, пристрастный;adjective;ˈbaɪəst;;"""Remember, don't be biased"", said the judge to the jury. | The idea of overtaking Slytherin in the house championship was wonderful, no one had done it for seven years, but would they be allowed to, with such a biased referee?";HARRY POTTER AND THE SORCERER'S STONE (book), traits
bicker;пререкаться, спорить (argue over petty things);verb;;squabble;;сложные слова
bizarre;странный, причудливый, эксцентричный;adjective;;eccentric, freak, strange;;traits
blackmail;"шантажировать; вымогать деньги";verb;;;They used the photographs to blackmail her into spying for them.;LANGUAGE COURSES
blame;"порицать, обвинять; считать виновным";verb;;accuse, charge;;
bland;банальный, обыденный, безликий, примитивный;adjective;;;Pop music these days is so bland.;LANGUAGE COURSES
blast;"сильный порыв ветра; искусственный поток воздуха (a strong current of air)";noun;;;Madam Hooch gave a loud blast on her silver whistle.;HARRY POTTER AND THE SORCERER'S STONE (book)
blasted;"проклятый; чертовский";adjective;ˈblæstɪd;flipping, goddam, helluva;"""Blasted thing,"" Snape was saying.";HARRY POTTER AND THE SORCERER'S STONE (book)
blimey;чтоб мне провалиться!, иди ты! (an expression of surprise);interjection;ˈblaɪmɪ;;Even - blimey - Dumbledore's come to watch!;HARRY POTTER AND THE SORCERER'S STONE (book)
blink;"1) моргать; 2) щуриться";verb;;twinkle;One wild cart ride later they stood blinking in the sunlight outside Gringotts.;glance, HARRY POTTER AND THE SORCERER'S STONE (book)
bloodcurdling;"чудовищный; вызывающий леденящий кровь ужас (extremely alarming)";adjective;;;A piercing, bloodcurdling shriek split the silence - the book was screaming!;fear, HARRY POTTER AND THE SORCERER'S STONE (book), violence, самые сложные слова
blot;"пачкать; пятнать; бесчестить";verb;;smudge, spot, stain;;
blow up;взрывать (cause to burst with a violent release of energy);phrase;;explode;"""Blown up a toilet? We've never blown up a toilet.""";arms, HARRY POTTER AND THE SORCERER'S STONE (book), phrasal verbs
blub;плакать, рыдать (to cry in a noisy way like a child);verb;;sniffle, snivel;She's blubbing behind the gym.;sounds, THE SILVER CHAIR (book) 
blue;"1) синий, голубой; 2) испуганный; подавленный, унылый; грустный (feeling or showing sadness)";adjective;;cheerless, dingy, dreary, gloomy, glum, grim, melancholy, mournful, sombre;He's been a bit blue since he failed his exams.;appearance, colors
bluebell;колокольчик (цветок);noun;;;She whipped out her wand, waved it, muttered something, and sent a jet of the same bluebell flames she had used on Snape at the plant.;HARRY POTTER AND THE SORCERER'S STONE (book), plants
blush;"1) краснеть; 2) разрумяниться, заливаться румянцем";verb;;flush, redden;;appearance
boa constrictor;удав;noun;;;The boa constrictor jabbed its tail at the sign again.;animals, HARRY POTTER AND THE SORCERER'S STONE (book)
boar;"хряк; боров; кабан";noun;;;;animals
boast;хвастать(ся);verb;bəʊst;brag;;сложные слова
boat;"1) лодка; корабль; судно; 2) соусник";noun;;;"A hundred fat, roast turkeys; mountains of roast and boiled potatoes; platters of chipolatas; tureens of buttered peas, silver boats of thick, rich gravy and cranberry sauce - and stacks of wizard crackers every few feet along the table.";HARRY POTTER AND THE SORCERER'S STONE (book), tableware
bob;"1) качаться; 2) подскакивать; подпрыгивать";verb;;;A toothless old man came ambling up to them, pointing, with a rather wicked grin, at an old rowboat bobbing in the iron-gray water below them. | He turned and started back toward the castle, his lamp bobbing away in the darkness.;HARRY POTTER AND THE SORCERER'S STONE (book)
boil;"нарыв; фурункул";noun;;;Within seconds, the whole class was standing on their stools while Neville, who had been drenched in the potion when the cauldron collapsed, moaned in pain as angry red boils sprang up all over his arms and legs.;HARRY POTTER AND THE SORCERER'S STONE (book)
bold;"1) бесстрашный, самоуверенный (fearless and daring); 2) наглый, дерзкий, бесстыдный";adjective;;brave, daring;Harry Potter is valiant and bold! He has braved so many dangers already!;traits
bolt;"1) быстро двигаться; нестись стрелой, убегать; 2) глотать не разжёвывая; запихивать в рот пищу кусками и с большой скоростью";verb;;devour, wolf down;Harry bolted to the door and looked out. | He bolted his dinner that evening without noticing what he was eating.;eat, HARRY POTTER AND THE SORCERER'S STONE (book), moving (verbs)
bond;связь, узы (a close connection joining two or more people);noun;;;They are very different from each other, but share a common bond in their friendship and loyalty.;LANGUAGE COURSES, relationship
bonnet;"1) дамская шляпа (без полей); капор; 2) мужская шотландская шапочка";noun;ˈbɒnɪt;;Up at the High Table, Dumbledore had swapped his pointed wizard's hat for a flowered bonnet, and was chuckling merrily at a joke Professor Flitwick had just read him.;clothes, HARRY POTTER AND THE SORCERER'S STONE (book)
bonny;"красивый; хороший; миловидный";adjective;;beautiful, good-looking, handsome, pretty;;appearance
book;"1) заносить в книгу, регистрировать; 2) заказывать; принимать заказы на билеты";verb;;engage;;
boom;"гудеть; греметь; производить шум (make a resonant sound, like artillery)";verb;;;"""DURSLEY!"" he boomed. | The cannons boomed in the night.";HARRY POTTER AND THE SORCERER'S STONE (book), sounds
booth;"киоск; будка; кабина";noun;;;So I went in a phone booth and called her up.;THE CATCHER IN THE RYE (book), самые сложные слова
bosom;грудь;noun;;breast;We all used to sneak a good look at it, even the girls, because they were only little kids and they didn't have any more bosom than we did.;THE CATCHER IN THE RYE (book)
bother;"1) надоедать, докучать; 2) беспокоить, побеспокоить";verb;;trouble;;
bough;сук;noun;baʊ;;Then the coat on the bough began to flutter, for the wind blew in that direction.;plants, REPEATING
boulder;валун, большой камень;noun;ˈbəʊldə;;Twelve feet tall, its skin was a dull, granite gray, its great lumpy body like a boulder with its small bald head perched on top like a coconut.;HARRY POTTER AND THE SORCERER'S STONE (book)
bound;"1) прыжок, скачок; 2) предел, граница; ограничение";noun;;frisk, hop, jump, leap, skip, spring;He sprang forward with short, stiff bounds, craning his neck as if to see over obstacles.;
bow;"1) кланяться, наклонять (голову); 2) гнуть(ся), сгибать(ся)";verb;;bend, crouch, lean, stoop;;
box smb.'s ears;"бить, колошматить, колотить; бить кулаком; бить рукой (to hit someone on the ears, usually as a punishment)";phrase;;cuff;I've a good mind to box your ears.[Давно пора надрать тебе уши.];idioms, LANGUAGE COURSES
brag;хвастать(ся);verb;;boast;;сложные слова
braid;"1) плести; 2) заплетать в косу; завязывать лентой (волосы)";verb;;;She was a thin woman with a rather long face and braided hair in which she had rubbed copious quantities of henna.;appearance, LANGUAGE COURSES
brainchild;"замысел, идея; плод (чьих-л.) размышлений, умственных усилий";noun;;;The project was the brainchild of one of the students.;films, LANGUAGE COURSES
brand;"1) торговая марка, бренд; 2) головня, угли; кусок железа";noun;;;He seized brands from the fire and hurled them into the pack.;picnic, REPEATING
brandish;махать, размахивать (мечом, палкой);verb;;;Madam Pince the librarian brandished a feather duster at him.;HARRY POTTER AND THE SORCERER'S STONE (book)
brassy;"1) медный; латунный; 2) наглый; бесстыдный";adjective;;immodest, impudent;;materials, THE CATCHER IN THE RYE (book)
brave;храбрый, смелый, отважный;adjective;;bold, courageous, valiant;His heart skipped. He felt braver.;traits
brawl;ссориться, пререкаться, скандалить;verb;brɔːl;quarrel, wrangle;A fine example to set for your children... brawling  in public... what  Gilderoy Lockhart must've thought...[Хороший пример ты подаешь детям... Подраться прилюдно... Боже! Что подумает Златопуст Локонс.];HARRY POTTER AND THE CHAMBER OF SECRETS (book)
break out;вспыхивать (begin suddenly and sometimes violently);phrase;;burst out;As Harry stepped forward, whispers suddenly broke out like little hissing fires all over the hall. | Not for the first time, an argument had broken out over breakfast at number four, Privet Drive.;HARRY POTTER AND THE SORCERER'S STONE (book), phrasal verbs, самые сложные слова
breast;"грудь; молочная железа";noun;;bosom;;
breathe in;вдохнуть;phrase;;inhale;;phrasal verbs
breathe out;выдохнуть;phrase;;exhale;;phrasal verbs, самые сложные слова
breed;"1) вынашивать (детёнышей); высиживать (птенцов); 2) размножаться, плодиться; 3) выводить, разводить (животных)";verb;;;He breeds pedigree poodles.;LANGUAGE COURSES
bright;"яркий, блестящий; ясный, светлый";adjective;;vivid;The sun shone brightly on a stack of cauldrons outside the nearest shop.;
bring in;"вводить, внедрять; устанавливать, основывать; вносить (законопроект, предложение)";phrase;;;The mayor or New York has brought in a whole lot of new laws to stop citizens from doing what they want, when they want.;LANGUAGE COURSES, phrasal verbs
bring on;навлекать, вызывать (cause to appear);phrase;;;I think the record is three months, they had to keep bringing on substitutes so the players could get some sleep.;HARRY POTTER AND THE SORCERER'S STONE (book), phrasal verbs
bring up;"воспитывать; растить; взрастить";phrase;;foster;"They're just not the same, they've never been brought up to know our ways. | ""Well, my gran brought me up and she's a witch,"" said Neville.";HARRY POTTER AND THE SORCERER'S STONE (book), phrasal verbs, relationship
bristle;подниматься дыбом;verb;;;This was her day, when manes bristled, and fang smote fang or ripped and tore the yielding flesh, all for the possession of her.;animals, WHITE FANG (book)
broomstick;a broom made of sticks;noun;;;Neville was hanging on to her every word, desperate for anything that might help him hang on to his broomstick later. | The way Seamus Finnigan told it, he'd spent most of his childhood zooming around the countryside on his broomstick.;HARRY POTTER AND THE SORCERER'S STONE (book)
bruise;"ставить синяки; ушибать";verb;bruːz;;Dizzy and bruised, covered in soot, he got gingerly to his feet, holding his broken glasses up to his eyes.;HARRY POTTER AND THE CHAMBER OF SECRETS (book)
brush;"1) чистить щеткой; 2) задевать; касаться";verb;;;The giant squeezed his way into the hut, stooping so that his head just brushed the ceiling.;HARRY POTTER AND THE SORCERER'S STONE (book)
brush up on;освежать знание (предмета);phrase;;;I have to brush up on my German before I go to Austria.;education, LANGUAGE COURSES, phrasal verbs
brutality;жестокость, зверство;noun;;atrocity, cruelty;;violence
buck smb. off;сбрасывать (с седла);phrase;;;It was as though the broom was trying to buck him off.;HARRY POTTER AND THE SORCERER'S STONE (book), phrasal verbs
buckwheat;"гречиха; гречневая крупа, гречка";noun;;;When I was a child I used to have buckwheat porridge for breakfast.;LANGUAGE COURSES, plants
budge;шевелиться;verb;;;They tugged and heaved at the door, but it wouldn't budge, not even when Hermione tried her Alohomora charm. | Uncle Vernon tapped on the glass, but the snake didn't budge.;HARRY POTTER AND THE SORCERER'S STONE (book)
budgerigar;волнистый попугайчик;noun;ˈbʌʤərɪgɑː(r);;British police say two robbers broke into an elderly woman's home, stole money and then snapped the neck of her pet budgerigar in front of her.;birds, REPEATING
bulge;выдаваться, выпячиваться, раздуваться;verb;;;Filch owned a cat called Mrs. Norris, a scrawny, dust-colored creature with bulging, lamp like eyes just like Filch's. | Its spiny wings were huge compared to its skinny jet body, it had a long snout with wide nostrils, the stubs of horns and bulging, orange eyes.;HARRY POTTER AND THE SORCERER'S STONE (book)
bullfinch;снегирь;noun;;;;birds
bully;грозить, запугивать, стращать (to hurt or frighten someone who is smaller or less powerful than you);verb;;;She was crying because they had been bullying her.;fear, THE SILVER CHAIR (book) , violence
bully;"1) задира, забияка; 2) хулиган, драчун";noun;ˈbulɪ;;Women don't want gentlemen, they want bullies and thugs.;IT CROWD, odd people
bum;"лодырь; лентяй; бездельник";noun;;slob;I figured it was some perverty bum that'd sneaked in the school late at night to take a leak or something and then wrote it on the wall.;odd people, THE CATCHER IN THE RYE (book), самые сложные слова
bump;"ударяться; ушибиться; стукнуться (knock against with force or violence)";verb;;knock;I had to be careful not to bump into anything and make a racket. | Then I came out of the closet. I bumped smack into old Phoebe when I did it, because it was so dark and she was out of bed and coming to tell me.;THE CATCHER IN THE RYE (book), самые сложные слова
bun;"1) сдобная булочка (с изюмом); 2) пучок; узел";noun;;;Her black hair was drawn into a tight bun. | He was in a very good mood until lunchtime, when he thought he'd stretch his legs and walk across the road to buy himself a bun from the bakery.;HARRY POTTER AND THE SORCERER'S STONE (book)
bundle;"связка; пучок; сверток (a collection of things wrapped or boxed together)";noun;;;A bundle of walking sticks was floating in midair ahead of them, and as Percy took a step toward them they started throwing themselves at him. | He could just see the bundle of blankets on the step of number four.;HARRY POTTER AND THE SORCERER'S STONE (book)
bunk;чушь, ахинея (complete nonsense or something that is not true);noun;;;All that crap they have in cartoons in the Saturday Evening Post and all, showing guys on street corners looking sore as hell because their dates are late - that's bunk.;THE CATCHER IN THE RYE (book), самые сложные слова
buoyant;"жизнерадостный; бодрый, оживленный";adjective;;cheerful, glad, happy, jolly, joyful, merry;;traits
burden;нагружать, обременять, отягощать;verb;;charge, load;;
burly;крепкий, большой и сильный ;adjective;ˈbɜːlɪ;robust;But Wood turned out to be a person, a burly fifth-year boy who came out of Flitwicles class looking confused.;appearance, HARRY POTTER AND THE SORCERER'S STONE (book)
burrow;нора;noun;ˈbɜːrəʊ;;A lopsided sign stuck in the ground near the entrance read, The Burrow.;animals, HARRY POTTER AND THE CHAMBER OF SECRETS (book)
burst;"1) взрывать(ся); 2) лопаться, лопнуть";verb;;explode;to burst with plenty[ломиться от избытка];arms
burst into tears;расплакаться;phrase;;;The children burst into tears on hearing of the death of their dog.;idioms, LANGUAGE COURSES
burst out;"1) вспыхивать, разражаться (о войне, эпидемии); 2) начинать внезапно или бурно";phrase;;break out;I walked in and everyone burst out laughing. | When her boss left she gave vent to her feelings and burst out crying.;LANGUAGE COURSES, phrasal verbs
butt;"1) окурок; 2) ягодицы; задница";noun;;stub;It wasn't too cold, but the sun still wasn't out, and there didn't look like there was anything in the park except dog crap and globs of spit and cigar butts from old men, and the benches all looked like they'd be wet if you sat down on them.;body parts, THE CATCHER IN THE RYE (book)
buy smth. on credit;покупать что-л. в кредит;phrase;;;They are going to buy a house on credit soon.;LANGUAGE COURSES
buzz;"1) жужжание; гул; 2) телефонный звонок; 3) кайф, состояние алкогольного или наркотического опьянения";noun;;;I felt like giving somebody a buzz. | There's a sort of buzz that you get from an audience that nothing else quite matches up to.;THE CATCHER IN THE RYE (book)
by an order of magnitude;по порядку важности (значимости);adverb;;;It is not unusual for partitioning to improve the performance of certain queries or maintenance operations by an order of magnitude.;INFORMATION TECHNOLOGIES
by far;явно, общепризнанно, безоговорочно (by a great amount);adverb;;;They are by far the best students in the class.;LANGUAGE COURSES
by no means;"1) никоим образом не; ни в коем случае не; 2) нисколько не, отнюдь не";phrase;;;They were by no means the only ones making their way to the bookshop.[И, надо сказать, не одни они туда торопились.];HARRY POTTER AND THE CHAMBER OF SECRETS (book), idioms
Byzantine;византийский;adjective;bɪˈzæntaɪn;;It is a tradition which actually goes back to pre-Christian times, when a Temple to Artemis stood here, but was later replaced with this shrine to St. John in Byzantine times.;MYSTAGOGY, religion
cable;"1) канат; трос; якорная цепь; 2) кабель; 3) телеграмма";noun;;cord, rope, wire;;
cackle;"1) кудахтать; гоготать; 2) хихикать, хмыкать (emit a loud, unpleasant kind of laughing)";verb;kækl;;Over and over again he dreamed about his parents disappearing in a flash of green light, while a high voice cackled with laughter.;HARRY POTTER AND THE SORCERER'S STONE (book), laught and smile
call for;"1) требовать; 2) заходить за";phrase;;demand, require;;phrasal verbs
call out;кричать, выкрикивать;phrase;;cry, scream, shout, yell;;phrasal verbs, sounds
calm;"1) безветренный; 2) тихий; 3) спокойный, мирный";adjective;;quiet, still;His smile changed into a look of calm resolve. | The rest of the team wasn't too calm, either.;traits
can;"1) жестяная банка, банка консервов; 2) помойное ведро; 3) сиденье в уборной; стульчак";noun;;;I didn't have anything special to do, so I went down to the can and chewed the rag with him while he was shaving. | I'd probably go down to the can and sneak a cigarette and watch myself getting tough in the mirror.;THE CATCHER IN THE RYE (book)
candid;"откровенный, искренний, прямой; чистосердечный";adjective;;frank, genuine, ingenuous, sincere;;traits
capricious;капризный, раздражительный;adjective;kəˈprɪʃəs;;Pasa looked at him as a mother looks at a beloved but capricious child.;REPEATING, traits
captivate;очаровывать, пленять, покорять, увлекать;verb;ˈkæptɪveɪt;bewitch, charm, entrance, fascinate;You used to captivate me by your resonating light.[Раньше ты очаровывал меня своим внутренним светом.];SONGS
cardigan;шерстяная кофта на пуговицах без воротника;noun;ˈkɑːdɪgən;;The plump girl next to him wore a dull grey cardigan, and torn long blue jeans.;clothes, LANGUAGE COURSES
career;"1) карьера; успех; 2) занятие, профессия";noun;kəˈrɪə;;If you had decided to take a different career path in your life, what would it have been?;LANGUAGE COURSES, work
caretaker;"сторож; смотритель";noun;;;;HARRY POTTER AND THE SORCERER'S STONE (book), professions
carp;карп, сазан;noun;;;;fish, REPEATING
carry;"нести, носить; перевозить";verb;;bear;;
carry on;"1) продолжать; 2) заниматься, вести";phrase;;continue, go on, keep on, proceed;Alice, if you carry on whining like that I won't take you - do you understand! | to carry on hostile acts[совершать враждебные действия];phrasal verbs
carry out;"выполнять, осуществлять; приводить в исполнение";phrase;;accomplish, execute, fulfil, implement;;phrasal verbs
carve;"резать, вырезать (по дереву или кости); гравировать; высекать (из камня)";verb;;;It was a magnificent mirror, as high as the ceiling, with an ornate gold frame, standing on two clawed feet. There was an inscription carved around the top.;HARRY POTTER AND THE SORCERER'S STONE (book)
cast;бросать, кидать, швырять;verb;;chuck, fling, hurl, pitch, throw, toss;;
cast;"распределение ролей; состав исполнителей (в спектакле, фильме)";noun;;;After the final performance, the director threw a party for the cast.;films, LANGUAGE COURSES
catcall;освистывать;verb;;;Harry could see Ron's twin brothers catcalling.;HARRY POTTER AND THE SORCERER'S STONE (book)
catch smb.'s eye;"привлечь внимание, обратить на себя чьё-л. внимание; попасться на глаза";phrase;;;Unfortunately, something about their guilty faces caught Snape's eye.;HARRY POTTER AND THE SORCERER'S STONE (book), idioms
catering;занимающийся ресторанным обслуживанием (банкетов, свадеб, торжественных мероприятий);adjective;;;I am sociable and easy to get on with, as well as passionate about working in the catering industry.;LANGUAGE COURSES, work
cauldron;котел (a very large pot that is used for boiling) ;noun;ˈkɔːldrən;;Cauldrons - All Sizes - Copper, Brass, Pewter, Silver - Self-Stirring - Collapsible, said a sign hanging over them. | Hagrid wouldn't let Harry buy a solid gold cauldron, but they got a nice set of scales for weighing potion ingredients and a collapsible brass telescope. | The sun shone brightly on a stack of cauldrons outside the nearest shop.;HARRY POTTER AND THE SORCERER'S STONE (book)
caveat;предупреждение, предостережение;noun;ˈkævɪæt;;The plain use of delegates for event-based programming seems promising, but there are a few caveats that require a slightly ameliorated approach. | We exercised some of the common tab-management methods and discussed some of the caveats for using this UI control.;INFORMATION TECHNOLOGIES
cease;переставать (делать что-л.), прекращать;verb;siːs;;Life had ceased to be so very precious to him without Julie.;REPEATING
cedar;кедр;noun;ˈsiːdə;;Here is a nice tutorial on how to make an evergreen arrangement using juniper or cedar greenery. | Jill saw that huge trees, rather like cedars but bigger, grew in every direction.;plants, THE SILVER CHAIR (book) 
centaur;кентавр;noun;ˈsentɔː;;"A centaur was standing over him, not Ronan or Bane; this one looked younger; he had white blond hair and a palomino body.";HARRY POTTER AND THE SORCERER'S STONE (book), mythology
change;"1) менять(ся); изменять(ся); 2) обменивать(ся)";verb;;alter, vary;;
change one's mind;передумать, изменить решение;phrase;;;She changed her mind at the last moment.[Она передумала в последний момент.];idioms, REPEATING
chant;монотонно говорить, говорить с повторениями, говорить нараспев ;verb;;;Demonstrators chanted anti-government slogans in the square.;LANGUAGE COURSES, sounds
character;"1) характер, темперамент; 2) личность, фигура; 3) образ, герой; роль, действующее лицо; 4) оригинал, чудак (разг.)";noun;;;He was rather a character, and even eccentric.;films, REPEATING
charge;"1) нагружать, обременять; 2) насыщать, наполнять, заряжать; 3) назначать цену; просить; 4) обвинять";verb;;accuse, blame, burden, load;They charged me five bucks for it, because it was so hard to get, but I didn't care.;arms, THE CATCHER IN THE RYE (book)
charge at;нападать, атаковать, набрасываться;phrase;;;He had forty war elephants, trained to charge at the enemy.;battle, LANGUAGE COURSES, phrasal verbs
charity;благотворительность;noun;;;I asked her if she was out collecting money for charity and all. | Since retiring from the company, she has done voluntary work for a charity.;THE CATCHER IN THE RYE (book)
charm;прельщать, очаровывать, заколдовывать;verb;;bewitch, captivate, entrance, fascinate;;
chart;"1) карта; 2) диаграмма, схема, таблица, график";noun;;map;;
chase away;отгонять (force to go away);phrase;;drive away;Your face it haunts my once pleasant dreams, your voice it chased away all the sanity in me.[Твоё лицо преследует меня в моих когда-то прекрасных снах, а твой голос лишил меня разума.];idioms, phrasal verbs, SONGS
chatter;"1) болтать, пустозвонить, трещать; 2) щебетать, стрекотать (о птицах)";verb;;chew the fat, chew the rag, gibber, maunder, shoot the breeze, twitter;The magpies were chattering in the trees.;birds, sounds
cheat;"1) обдуривать; выманивать обманом; 2) мошенничать, жульничать; 3) be sexually unfaithful to one's partner in marriage";verb;;chisel, deceive, defraud, delude, hoodwink, swindle;;fraud
checkers;шашки;noun;;;I used to play checkers with her all the time.;THE CATCHER IN THE RYE (book)
cheerful;"бодрый; веселый";adjective;;buoyant, glad, happy, jolly, joyful, merry;;traits
cheerless;"безрадостный; унылый, угрюмый (not bright or pleasant and making you feel sad)";adjective;;blue, dreary, gloomy, glum, melancholy, mournful, sombre;It was a cold and cheerless winter afternoon.;
cheetah;гепард;noun;;;;animals
chew the fat;"сплетничать; вести дружескую беседу";phrase;;chatter, chew the rag, shoot the breeze;;idioms, THE CATCHER IN THE RYE (book)
chew the rag;"сплетничать; вести дружескую беседу";phrase;;chatter, chew the fat, shoot the breeze;I didn't have anything special to do, so I went down to the can and chewed the rag with him while he was shaving.;idioms, THE CATCHER IN THE RYE (book)
chipolata;маленькая тонкая сосиска;noun;ˌʧɪpəˈlɑːtə;;"A hundred fat, roast turkeys; mountains of roast and boiled potatoes; platters of chipolatas; tureens of buttered peas, silver boats of thick, rich gravy and cranberry sauce - and stacks of wizard crackers every few feet along the table.";HARRY POTTER AND THE SORCERER'S STONE (book), meal
chirp;чирикать, щебетать;verb;;chirrup, twitter;;birds, sounds
chirrup;щебетать, чирикать (make a short high sound or sounds);verb;ˈʧɪərəp;chirp, twitter;;birds, LANGUAGE COURSES, sounds
chisel;"1) ваять; высекать; работать стамеской; 2) мошенничать, жульничать; 3) обманом лишать";verb;;cheat, deceive, defraud, delude, hoodwink, swindle;You're trying to chisel me.;fraud, THE CATCHER IN THE RYE (book)
choke;"1) душить, задыхаться, поперхнуться; 2) заглушать, приглушать";verb;;stifle, throttle;Dobby made a funny choking noise and then banged his head frantically against the wall. | The rope choked the bear.;violence, сложные слова
choose;выбирать, отбирать, избирать;verb;;pick, pick out, select;;
chortle;фыркать, сдавленно смеяться;verb;ˈʧɔːtl;chuckle, giggle, snigger;"""Well, it's true,"" Harry chortled as they reached the top of the marble staircase, ""If he hadn't stolen Neville's Remembrall I wouln't be on the team...""";HARRY POTTER AND THE SORCERER'S STONE (book), laught and smile
chuck;"бросать; швырять (throw carelessly)";verb;;cast, fling, hurl, pitch, throw, toss;All he did was lift the Atlantic Monthly off his lap and try to chuck it on the bed, next to me. | She took off my red hunting hat and practically chucked it right in my face.;THE CATCHER IN THE RYE (book)
chuckle;"посмеиваться; хихикать";verb;;chortle, giggle, snigger;He started chuckling like a madman. | Up at the High Table, Dumbledore had swapped his pointed wizard's hat for a flowered bonnet, and was chuckling merrily at a joke Professor Flitwick had just read him.;laught and smile, THE CATCHER IN THE RYE (book)
chunk;"1) ломоть (хлеба, мяса) (a roughly cut piece); 2) a part of something, especially a large part";noun;;glob, hunk;For maintenance operations across an entire database object, it is possible to perform these operations on a per-partition basis, thus dividing the maintenance process into more manageable chunks.;INFORMATION TECHNOLOGIES
cinch;верное дело, лёгкое дело (something which is very easy and is therefore certain to be a success);noun;sɪnʧ;;As you can see, adding and inserting child Components is a cinch.;INFORMATION TECHNOLOGIES
civic;гражданский;adjective;;civil;;
civil;"1) гражданский; государственный; 2) вежливый, воспитанный";adjective;;civic, courteous, polite;;law, traits
claim;"1) требование, претензия, притязание; 2) жалоба; 3) заявка; 4) утверждение, заявление";noun;;assertion, demand, request, requirement;;
claim;"1) требовать; претендовать, заявлять права; 2) заявлять (assert or affirm strongly; state to be true or existing)";verb;;;;
clamber;"карабкаться; взобраться";verb;;climb, scramble;;сложные слова
clamor;"1) шуметь, создавать шум; 2) выдвигать требования (to make a loud complaint or demand)";verb;;;The bag of gold, silver, and bronze jangling cheerfully in Harry's pocket was clamoring to be spent, so he bought three large strawberry and peanut butter ice creams, which they slurped happily as they wandered up the alley.;HARRY POTTER AND THE CHAMBER OF SECRETS (book)
clasp;"1) застегивать; 2) сжимать (руки); 3) обнимать";verb;;embrace, hug;;relationship
clatter;"стучать; греметь; тарабанить (make a rattling sound)";verb;;;"Around half past twelve there was a great clattering outside in the corridor and a smiling, dimpled woman slid back their door and said, ""Anything off the cart, dears?"" | Don't clatter the dishes - you'll wake the baby up.";HARRY POTTER AND THE SORCERER'S STONE (book), sounds
clear;"ясный, светлый, чистый; понятный";adjective;;distinct, fair, lucid, plain;;
clearing;участок земли, очищенный от деревьев и кустарника;noun;;glade;He threw his cloak over his head and strode out of the clearing.;HARRY POTTER AND THE SORCERER'S STONE (book)
clever;"1) умный; 2) талантливый, даровитый; 3) искусный, ловкий";adjective;;cunning, cute, ingenious, skilful, smart;;traits
click;"1) щёлкать, издавать щёлкающий звук; 2) нравиться (друг другу); ладить (to become friendly suddenly)";verb;;hit it off;Liz and I really clicked the first time we met. | She's perfect for you. I'm sure you'll click with her.;LANGUAGE COURSES, relationship, sounds
climb;карабкаться, взбираться;verb;;clamber, scramble;;
cling;"цепляться; прилипать; крепко держаться";verb;;;Howling with pain, the troll twisted and flailed its club, with Harry clinging on for dear life.;HARRY POTTER AND THE SORCERER'S STONE (book)
cloak;"плащ; мантия";noun;;;He laid Harry gently on the doorstep, took a letter out of his cloak, tucked it inside Harry's blankets, and then came back to the other two. | He turned on his heel and with a swish of his cloak, he was gone. | He was busy rummaging in his cloak, looking for something.;clothes, HARRY POTTER AND THE SORCERER'S STONE (book)
clobber;"ударять; бить; избивать (strike violently and repeatedly)";verb;;beat;Seekers are always the ones who get clobbered by the other team.;HARRY POTTER AND THE SORCERER'S STONE (book), striking (verbs)
clutch;"схватить; зажать (hold firmly, usually with one's hands)";verb;;seize;There was a pop, and a little man with wicked, dark eyes and a wide mouth appeared, floating crosslegged in the air, clutching the walking sticks.;HARRY POTTER AND THE SORCERER'S STONE (book)
coat;покрывать, крыть;verb;;cover;;
cobble;мостить крупным булыжным камнем (pave with cobblestones);verb;;;Harry, Ron, and Hermione strolled off along the winding, cobbled street.;HARRY POTTER AND THE CHAMBER OF SECRETS (book)
cockroach;таракан;noun;ˈkɔkrəʊʧ;;Just the word cockroach caused a shudder deep inside him.;animals, LANGUAGE COURSES
cognitive;когнитивный, познавательный;adjective;ˈkɔgnətɪv;;Researchers found that only children were more interested in intellectual, cognitive pursuits than were later-born children.;LANGUAGE COURSES
collapsible;"разборный; складной";adjective;;;Cauldrons - All Sizes - Copper, Brass, Pewter, Silver - Self-Stirring - Collapsible, said a sign hanging over them. | Hagrid wouldn't let Harry buy a solid gold cauldron, but they got a nice set of scales for weighing potion ingredients and a collapsible brass telescope.;HARRY POTTER AND THE SORCERER'S STONE (book)
collect;"1) скопляться, собирать(ся); 2) коллекционировать";verb;;accumulate, gather;I asked her if she was out collecting money for charity and all.;
come across;"1) повстречаться; случайно встретиться; 2) натолкнуться; случайно обнаружить";phrase;;encounter, run into;Hermione was skimming through all her notes, hoping to come across one of the enchantments they were about to try to break.;HARRY POTTER AND THE SORCERER'S STONE (book), phrasal verbs
come along;"делать успехи; продвигаться, идти (о делах, работе)";phrase;;;The first-born is an only child until the second child comes along.;LANGUAGE COURSES, phrasal verbs
come in handy;"1) быть кстати; 2) пригодиться";phrase;;;Scars can come in handy.;HARRY POTTER AND THE SORCERER'S STONE (book), idioms
come off it;"Брось!; Да перестань же!; Не гони!";interjection;;;Oh, come off it, you don't think we'd let you go alone?;HARRY POTTER AND THE SORCERER'S STONE (book)
come round;приходить в себя (после обморока, болезни);phrase;;;Mr. Ronald Weasley and Miss Granger will be most relieved you have come round, they have been extremely worried.;HARRY POTTER AND THE SORCERER'S STONE (book), medicine, phrasal verbs
commission;поручать, делать заказ;verb;;;Commissioned by the Royal Society of Arts, the sculpture stands 24 feet (7 metres) high beside the river Thames in London.;LANGUAGE COURSES, work
commute;"1) совершать регулярные поездки на работу в город из пригорода; 2) travel back and forth regularly, as between one's place of work and home";verb;;;He had commuted to the bay area for about a year but was now working for a local newspaper repairing computers and other various electronic equipment.;LANGUAGE COURSES, moving (verbs), work
compel;заставлять, вынуждать, принуждать;verb;;force, make;;violence
complexion;цвет лица;noun;;;She has a very sick complexion.[У неё очень больной цвет лица.];appearance, LANGUAGE COURSES
comply;"1) исполнять (просьбу, требование); 2) подчиняться (требованиям, правилам)";verb;;abide by, obey;If you join the club, you must comply with its rules.[Если ты вступишь в клуб, тебе придётся подчиняться его правилам.];law
comprise;включать, заключать в себе, вмещать, содержать;verb;;contain, include;"Ignore managed heap generations for now; we'll assume there's one contiguous block of memory available to comprise the entire managed object heap.";самые сложные слова, сложные слова
compulsory;"принудительный; вынужденный; обязательный";adjective;;mandatory;He didn't say anything then, but the next night he made us have compulsory study hall in the academic building and he came up and made a speech.;THE CATCHER IN THE RYE (book)
conceal;прятать, скрывать, утаивать, укрывать;verb;;hide;;
conceited;"тщеславный; самодовольный; высокомерный";adjective;;arrogant, proud, vain;Every time you mention some guy that's strictly a bastard - very mean, or very conceited and all - and when you mention it to the girl, she'll tell you he has an inferiority complex. | He's conceited, but he's very generous in some things.;THE CATCHER IN THE RYE (book), traits, самые сложные слова
concerto;концерт (произведение);noun;kənˈtʃertəʋ;;;holidays, LANGUAGE COURSES
concrete;бетонный;adjective;;;Caught by surprise, Harry fell hard on the concrete floor.;HARRY POTTER AND THE SORCERER'S STONE (book), materials
condemn;осуждать, приговаривать, выносить приговор;verb;;convict;;самые сложные слова, сложные слова
condemnation;неодобрение, осуждение, порицание;noun;;;This eventually led to the official condemnation of Bogomilism by the Orthodox Church and the fleeing of adherents of Bogomilism to the West where they reestablished themselves.;MYSTAGOGY
condense;"уплотнять, сгущать; уменьшать объём, сжимать";verb;;;She had a tin of condensed milk in her handbag, and she took this out and poured a small amount into each cup.;LANGUAGE COURSES, meal
conduct;"1) вести, сопровождать, водить; 2) проводить; 3) дирижировать";verb;;direct;An informal survey conducted on the Tokyo streets by Japan Today magazine, however, suggests that the nations' teens have other reasons for keeping hold of 'their best electric friend'.;work
confine;ограничивать;verb;;;I will confine my remarks to one subject.[Я ограничусь одной темой.];LANGUAGE COURSES
confirmation;подтверждение, утверждение;noun;;affirmation, corroboration;;
confuse;"смущать, приводить в замешательство; сбивать с толку; создавать путаницу";verb;;bewilder, embarrass;But Wood turned out to be a person, a burly fifth-year boy who came out of Flitwicles class looking confused.;
conjure;наколдовать (to make something appear by magic, or as if by magic);verb;ˈkʌnʤə;;On their last evening, Mrs. Weasley conjured up a sumptuous dinner that included all of Harry's favorite things, ending with a mouth-watering treacle pudding.[В последний вечер миссис Уизли устроила грандиозный обед: она сварила, нажарила, испекла все любимые кушанья Гарри. На сладкое был пудинг из патоки - пальчики оближешь!];HARRY POTTER AND THE CHAMBER OF SECRETS (book)
conquer;завоевывать, покорять, побеждать;verb;ˈkɔŋkər;defeat, overcome, vanquish;;battle
conscience;"1) совесть; 2) сознание";noun;ˈkɔnʃəns;;clear conscience[чистая совесть] | prisoner of conscience[узник совести];
considerable;"1) значительный; важный; 2) большой; немалый";adjective;;important, significant;;
constellation;созвездие;noun;;;;
contagious;"1) заразный, инфекционный; 2) заразительный";adjective;;;The infection is highly contagious, so don't let anyone else use your towel.;INFORMATION TECHNOLOGIES
contain;содержать(ся), вмещать;verb;;comprise, include;;
contaminate;"загрязнять; заражать; осквернять";verb;kənˈtæməˌneɪt;pollute;;pollution, самые сложные слова, сложные слова
contemn;"презирать; пренебрегать";verb;kənˈtem;despise;;disgust
contiguous;"соприкасающийся; смежный; граничащий, прилегающий";adjective;kənˈtɪgjuəs;;"Ignore managed heap generations for now; we'll assume there's one contiguous block of memory available to comprise the entire managed object heap.";INFORMATION TECHNOLOGIES
continue;"продолжать(ся); длиться; возобновлять";verb;;carry on, go on, keep on, proceed;;
contradict;противоречить, возражать;verb;;mind, object, protest;;
control;"контролировать, регулировать; управлять, руководить";verb;;direct, govern, manage, rule;List partitioning enables you to explicitly control how rows map to partitions by specifying a list of discrete values for the partitioning key in the description for each partition. | The government is trying to control spending. | You're going to have to learn to control your temper.;work
convent;монастырь;noun;;;While I was eating my eggs, these two nuns with suitcases and all - I guessed they were moving to another convent or something and were waiting for a train - came in and sat down next to me at the counter.;religion, THE CATCHER IN THE RYE (book)
convert;(рел.) новообращённый, неофит;noun;ˈkɔnvɜːt;;"In his notes for such a manual, he jotted down the following ""convert pitfalls"", or what he called ""obstacles in the Orthodox mission today"".";MYSTAGOGY, religion
convict;признать виновным, выносить приговор, осуждать;verb;;condemn;;самые сложные слова, сложные слова
convince;убеждать, уверять;verb;;persuade;;
copious;"обильный; богатый, обширный";adjective;ˈkəʊpɪəs;;She was a thin woman with a rather long face and braided hair in which she had rubbed copious quantities of henna.;LANGUAGE COURSES
cord;"1) веревка; шнурок; шнур; 2) струна";noun;;cable, rope, string;;
cordial;сердечный, искренний, радушный;adjective;ˈkɔːrʤəl;;There was a cordial welcoming smile on his face.;
corkscrew;штопор;noun;;;;LANGUAGE COURSES
cornflower;василек;noun;;;;plants
corny;"1) хлебный; зерновой; 2) банальный";adjective;;;But when I'm with somebody that's corny, I always act corny too. | He started off with about fifty corny jokes, just to show us what a regular guy he was.;THE CATCHER IN THE RYE (book), самые сложные слова
corroboration;подтверждение;noun;;affirmation, confirmation;;
cost a bomb;to be very expensive;phrase;;;Strawberries cost a bomb at this time of year.;idioms, LANGUAGE COURSES
courageous;смелый, отважный, храбрый;adjective;;brave, valiant;;traits
courteous;вежливый, обходительный, учтивый;adjective;;civil, polite;;traits
cover;"1) покрывать, закрывать, накрывать, крыть; 2) скрывать, укрывать; 3) держать под прицелом";verb;;coat;I've got you covered.[Я держу вас под прицелом.] | The National Gallery, London, houses one of the greatest collections of European painting in the world, with over 2,300 paintings covering the period from about 1250 to 1900.;arms, REPEATING
cowardly;"трусливый; малодушный";adjective;;yellow;;traits
cower;сжиматься, съёживаться (to lower your head or body in fear, often while moving backwards);verb;ˈkauə;;All three of Mrs. Weasley's sons were taller than she was, but they cowered as her rage broke over them.;HARRY POTTER AND THE CHAMBER OF SECRETS (book)
crack;"1) производить треск; трещать; трескаться; 2) хлопнуть, грохнуть (о звуке выстрела); 3) раскалывать(ся); колоть; ломаться";verb;;;But as the High Table was full of teachers, neither of them could do more than crack their knuckles and scowl. | He thought two of his ribs might already have cracked from trying not to laugh. | His rifle cracked.;arms, HARRY POTTER AND THE SORCERER'S STONE (book), sounds
crackle;потрескивать, трещать, хрустеть;verb;;crunch;The fire crackled.;picnic, REPEATING, sounds
craft;изготавливать (to make objects, especially in a skilled way);verb;;;In my opinion Peterson has crafted an impessive film.;LANGUAGE COURSES, work
cram;"переполнять; набивать; запихивать";verb;;jampack, ram;They crammed their pockets with the last of the sweets and joined the crowd thronging the corridor.;HARRY POTTER AND THE SORCERER'S STONE (book)
crane;вытягивать шею;verb;;;He sprang forward with short, stiff bounds, craning his neck as if to see over obstacles. | She spent so much of her time craning over garden fences, spying on the neighbors.;HARRY POTTER AND THE SORCERER'S STONE (book)
crap;"1) чепуха; 2) дрисня, пердеж, дерьмо (разг.)";noun;;turd;All that crap they have in cartoons in the Saturday Evening Post and all, showing guys on street corners looking sore as hell because their dates are late - that's bunk. | all that David Copperfield kind of crap | It wasn't too cold, but the sun still wasn't out, and there didn't look like there was anything in the park except dog crap and globs of spit and cigar butts from old men, and the benches all looked like they'd be wet if you sat down on them.;THE CATCHER IN THE RYE (book)
crate;"(деревянный) ящик; тара для упаковки (клеть, корзина)";noun;;;He was carrying a large wooden crate under his arm.;HARRY POTTER AND THE SORCERER'S STONE (book)
crave;"1) страстно желать, жаждать (have a craving, appetite, or great desire for); 2) просить, умолять";verb;;desire, long, yearn;;
crawl;"1) ползать, ползти; 2) плавать кролем; 3) тащиться; 4) пресмыкаться";verb;;creep;;moving (verbs)
crayfish;речной рак;noun;;;;fish
crazy;"сумасшедший; безумный; чокнутый";adjective;;insane, mad;;traits
creak;скрипеть (make a high-pitched, screeching noise);verb;;screech, whine;The door creaked when I opened it slowly.;LANGUAGE COURSES, sounds
crease;"1) складка, морщина; 2) черта, линия; 3) загиб, сгиб";noun;;wrinkle;;appearance
crease;"make wrinkles or creases on a smooth surface; make a pressed, folded or wrinkled line in";verb;;crinkle, crumple, wrinkle;;appearance
creep;"1) ползать, ползти; 2) еле передвигать ноги; 3) красться, подкрадываться; 4) пресмыкаться";verb;;crawl;While Mrs. Dursley was in the bathroom, Mr. Dursley crept to the bedroom window and peered down into the front garden.;moving (verbs)
creepy;вызывающий мурашки (annoying and unpleasant);adjective;;;It was colder here than up in the main castle, and would have been quite creepy enough without the pickled animals floating in glass jars all around the walls.;HARRY POTTER AND THE SORCERER'S STONE (book)
criminal;"уголовник; преступник";noun;;offender, perpetrator;;law, violence
cringe;"чувствовать раздражение, досаду, отвращение; съёживаться, сжиматься (to suddenly move away from someone or something because you are frightened)";verb;;flinch;In a matter of seconds, the two boys felt it loosening its grip as it cringed away from the light and warmth.;disgust, fear, HARRY POTTER AND THE SORCERER'S STONE (book)
crinkle;морщить(ся);verb;;crease, crumple, wrinkle;Harry looked up into the fierce, wild, shadowy face and saw that the beetle eyes were crinkled in a smile.;appearance, HARRY POTTER AND THE SORCERER'S STONE (book)
croak;"1) каркать; квакать; 2) издавать хриплые звуки (because you have a sore or dry throat, you speak with a rough voice)";verb;;;"""No,"" croaked Harry. ""Please... they'll kill me...""";HARRY POTTER AND THE CHAMBER OF SECRETS (book), sounds
crook;"1) крюк; 2) обманщик; плут";noun;;imposter;Pencey was full of crooks.;fraud, odd people, THE CATCHER IN THE RYE (book)
cross;"1) сердитый, злой, раздраженный; 2) поперечный, перекрестный, пересекающийся";adjective;;angry;;traits, сложные слова
crossbow;"самострел; арбалет ";noun;;;A crossbow and a pair of galoshes were outside the front door.;arms, HARRY POTTER AND THE SORCERER'S STONE (book)
crouch;склониться, согнуться;verb;;bend, bow, stoop;Reaching Snape, she crouched down, pulled out her wand, and whispered a few, well-chosen words. Bright blue flames shot from her wand onto the hem of Snape's robes.;HARRY POTTER AND THE SORCERER'S STONE (book)
crowd;"1) толпа; 2) простой люд; народ";noun;;flock, herd, huddle, mob, swarm;Then the whole crowd gasped.;
crucial;"ключевой; критический, решающий (extremely important or necessary)";adjective;ˈkruːʃ(ə)l;essential, important;Her work has been crucial to the project's success.;INFORMATION TECHNOLOGIES
cruelty;жестокость, безжалостность;noun;;atrocity, brutality;;violence
crumby;"усыпанный крошками; мерзкий; грязный";adjective;;;Her son was doubtless the biggest bastard that ever went to Pencey, in the whole crumby history of the school. | I don't feel like walking on your crumby nails in my bare feet tonight. | That guy had just about everything: sinus trouble, pimples, lousy teeth, halitosis, crumby fingernails. | Then he gave me a big shove with his crumby hand.;THE CATCHER IN THE RYE (book)
crumple;комкать(ся), мять(ся), морщинить(ся);verb;;crease, crinkle, wrinkle;Harry thought the baby dragon looked like a crumpled, black umbrella.;appearance, HARRY POTTER AND THE SORCERER'S STONE (book)
crunch;грызть с хрустом, хрустеть;verb;;crackle;His teeth crunched through the tender flesh and fragile bones.;animals, sounds, WHITE FANG (book)
cry;"1) кричать, вопить; 2) плакать";verb;;call out, scream, shout, sob, weep, yell;;sounds
cuckoo;"кукушка; кукование";noun;ˈkʊːkʊː;;;birds
cuff;"бить рукой, слегка ударять рукой; шлепать";verb;;box smb.'s ears;;striking (verbs)
culpable;"виновный, преступный; заслуживающий порицания, осуждения";adjective;;;For in what way is the earth and all the rest of God's creation (except the serpent) culpable for Adam's sin?;MYSTAGOGY
culprit;"преступник; виновный, правонарушитель";noun;ˈkʌlprɪt;perpetrator;In the latter case, you know there's a problem but you don't know who the culprit is, but with checked containers you find out who tried to insert the bad object.;INFORMATION TECHNOLOGIES
cumbersome;громоздкий, объёмный, неизящный (awkward because of being large, heavy or not effective);adjective;ˈkʌmbəsəm;awkward;Although this is most likely a rather cumbersome LINQ provider, it illustrates the power of query expression syntax.;INFORMATION TECHNOLOGIES
cunning;"1) хитрый, лукавый, коварный; пронырливый; 2) изящный, очаровательный; прелестный, притягательный; 3) умелый, искусный";adjective;;clever, cute, dodgy, ingenious, sly, tricky, wily;He's a very cunning man. | He was enthusiastic - cunning Burlingham, who knew so well how to get the best out of everyone!;appearance, fraud, LANGUAGE COURSES, traits
curb;"обочина тротуара; бордюрный камень";noun;;;The kid was swell. He was walking in the street, instead of on the sidewalk, but right next to the curb.;THE CATCHER IN THE RYE (book)
curry;"1) карри (острая приправа); 2) блюдо, приправленное карри";noun;;;For example, Indian food in Britain is not the same as an authentic curry from India, but for some, it's more better.;LANGUAGE COURSES, meal
curry favour;выслуживаться, заискивать (to praise someone, especially someone in authority, in a way that is not sincere, in order to get some advantage for yourself);phrase;;;I suppose you mean we ought to spend all our time sucking up to Them, and currying favour, and dancing attendance on Them like you do.;idioms, THE SILVER CHAIR (book) 
curse;"1) проклинать; 2) сквернословить; ругаться";verb;;;I was trying to find out how to curse Dudley. | We could hear him cursing and swearing as he tried to get the door open.;HARRY POTTER AND THE SORCERER'S STONE (book)
cute;"1) привлекательный; милый; 2) умный; сообразительный; остроумный";adjective;;clever, cunning, smart;Then, when she was all done whispering and being cute as hell, she'd sing some dopey song, half in English and half in French, and drive all the phonies in the place mad with joy.;THE CATCHER IN THE RYE (book), traits
cut out;"выходить из игры; бросать; переставать";phrase;;;I cut out going there entirely, gradually.;phrasal verbs, THE CATCHER IN THE RYE (book), самые сложные слова
cutting;"1) резкий; острый; 2) язвительный";adjective;;keen, piercing, sharp;What I might do, I might say something very cutting and snotty, to rile him up - instead of socking him in the jaw.;THE CATCHER IN THE RYE (book)
cutting-edge;передовой, современный;adjective;;;Partitioning also enables database designers and administrators to tackle some of the toughest problems posed by cutting-edge applications.;INFORMATION TECHNOLOGIES
CV;резюме (curriculum vitae);noun;;;The one thing I did notice about your CV is the two lines in which you mention your high school.;LANGUAGE COURSES, work
dab;"слегка прикасаться; дотрагиваться; прикладывать что-л. мягкое";verb;;;Professor McGonagall pulled out a lace handkerchief and dabbed at her eyes beneath her spectacles.;HARRY POTTER AND THE SORCERER'S STONE (book)
dagger;кинжал;noun;ˈdægə;;He revealed red gums and the smooth, ivory daggers of his teeth.;arms, REPEATING
damage;"вред, повреждение; ущерб, урон";noun;;harm, hurt, injury;;violence
damp;влажный, сырой;adjective;;humid, moist, soaked, soggy, wet;"He succeeded in igniting match against the damp wall. | The inside was horrible; it smelled strongly of seaweed, the wind whistled through the gaps in the wooden walls, and the fireplace was damp and empty.";
dampen smb.'s spirits;портить кому-л. настроение;phrase;;;Even the endless rain that had replaced the snow couldn't dampen his spirits.;HARRY POTTER AND THE SORCERER'S STONE (book)
dance attendance on smb.;лакействовать (to do everything that someone asks you to and treat them as if they are special);phrase;;;I suppose you mean we ought to spend all our time sucking up to Them, and currying favour, and dancing attendance on Them like you do.;idioms, THE SILVER CHAIR (book) 
dangerous;опасный, рискованный;adjective;;perilous, risky;;
dangle;болтаться, свободно свисать, качаться;verb;;;He was now dangling from it, holding on with only one hand.;HARRY POTTER AND THE SORCERER'S STONE (book)
dare;"сметь, посметь; отваживаться; рисковать";verb;;risk, venture;;
daring;"1) отважный, бесстрашный (disposed to venture or take risks); 2) дерзкий";adjective;;bold;He was a daring and successful robber.;traits
daze;"1) изумлять, удивлять, ошеломлять; 2) ослепить";verb;;dazzle, stun;;сложные слова
dazzle;"1) слепить, ослеплять (ярким светом); 2) ослеплять блеском, великолепием";verb;ˈdæzl;daze;Gilderoy Lockhart came slowly into view, seated at a table surrounded by large pictures of his own face, all winking and flashing dazzlingly white teeth at the crowd.;HARRY POTTER AND THE CHAMBER OF SECRETS (book)
deafen;"1) оглушать (приводить к временной потере слуха); 2) заглушать (делать неслышным)";verb;ˈdef(ə)n;;The din was deafening.;HARRY POTTER AND THE SORCERER'S STONE (book)
deaf-mute;глухонемой;adjective;;;;medicine, THE CATCHER IN THE RYE (book), самые сложные слова
decay;гнить, портиться, разлагаться;verb;;rot;;disgust
decease;гибель, кончина, смерть;noun;dɪˈsiːs;;The house will not be yours till after your mother's decease.;LANGUAGE COURSES
deceive;"1) обманывать; вводить в заблуждение, сбивать с толку; 2) изменять, нарушать верность, предавать";verb;;cheat, chisel, delude;;fraud
decent;"1) приличный, порядочный; 2) славный, хороший";adjective;ˈdiːsənt;;I thought he was a decent sort of person. | It was very decent of you to help. | Sloppy code might be swallowing exceptions improperly without decent handling.;REPEATING, traits
decide;решать(ся), принимать решение;verb;;determine;The judge decided to fine the man $500 instead of sending him to prison.;
decorate;"украшать; отделывать";verb;;embellish, trim;The landlord had promised to redecorate the bedrooms before we moved in.;
decrease;уменьшать(ся), убывать (decrease in size, extent, or range);verb;;diminish, lessen;;
dedicate;"посвящать; посветить";verb;;devote;;
dedicated;"посвятивший себя; преданный";adjective;;devoted;;traits
defeat;наносить поражение, разбивать, побеждать;verb;;conquer, overcome, vanquish;;battle
defer;"задерживать, откладывать, отсрочивать, оттягивать, медлить (to delay something until a later time; to postpone)";verb;dɪˈfɜː;delay, postpone, put off;The last thing you do is call highlightWindow.defer and pass a value of 1000, which defers the execution of highlightWindow by one second.;INFORMATION TECHNOLOGIES
define;"определять, давать точное определение; устанавливать; обозначать, очерчивать";verb;;determine;"For most of their lives, their personality, self-esteem and status have been defined by work; without it, they lose their appetite for life.";
defraud;обманывать, обманом лишать;verb;;cheat, chisel, hoodwink, swindle;;fraud
degree;"1) степень, уровень; 2) градус; 3) звание; ученая степень";noun;dɪˈgriː;;master's degree[степень магистра] | to do a degree[получать степень ];education, LANGUAGE COURSES
delay;"1) задерживать; 2) медлить, мешкать; 3) препятствовать; 4) отсрочивать, откладывать";verb;;defer, hold smb. up, postpone, put off;without delay[безотлагательно];
delight;"1) восторг, восхищение; 2) наслаждение, удовольствие";noun;;enjoyment, gratification, pleasure, treat;;
deliver;"1) доставлять, разносить, развозить; 2) читать (лекцию), произносить (речь), выступать (с докладом)";verb;;;to deliver a lecture[читать лекцию];education, LANGUAGE COURSES
delude;вводить в заблуждение, обманывать;verb;;cheat, chisel, deceive;;fraud
delve;"делать изыскания, изучать, тщательно исследовать; рыться, копаться (в книгах, документах)";verb;;;Before we delve into specifics of multithreaded programming in managed code, we should spend a few minutes talking about the general notion of threading.;INFORMATION TECHNOLOGIES
demand;"1) требование, запрос; 2) потребность, нужда; 3) спрос";noun;;claim, request, requirement;;
demand;"требовать, предъявлять требование; нуждаться";verb;;call for, require;;
demolish;разрушать, уничтожать;verb;;annihilate, destroy, ruin;;battle, сложные слова
denim;джинсовая ткань;noun;;;She was wearing a denim jacket and a blue skirt.;LANGUAGE COURSES, materials
dent;вмятина, вогнутое или вдавленное место;noun;;;What's that dent in the side of the car?;REPEATING
deprive;отбирать, отнимать, лишать (чего-л.);verb;;;Making illegal copies of tracks deprives them of royalties.;fraud, LANGUAGE COURSES
desert;"оставлять, покидать; бросать";verb;;abandon, forsake, leave;;
desert island;необитаемый остров;phrase;;;;geography, holidays, LANGUAGE COURSES
desire;"1) желать, хотеть; 2) просить, требовать";verb;;crave, long, yearn;;
desperate;"1) отчаянный; 2) испытывающий большую нужду (в чём-л.)";adjective;;;But Neville was clearly steeling himself to do something desperate. | I wouldn't visit that sonuvabitch Morrow for all the dough in the world, even if I was desperate. | Neville was hanging on to her every word, desperate for anything that might help him hang on to his broomstick later.;THE CATCHER IN THE RYE (book)
despise;презирать;verb;;contemn;;disgust
dessert;десерт, сладкое (блюдо);noun;dɪˈzɜːt;;A moment later the desserts appeared. Blocks of ice cream in every flavor you could think of, apple pies, treacle tarts, chocolate eclairs and jam doughnuts, trifle, strawberries, Jell-O, rice pudding.;LANGUAGE COURSES, meal
destroy;разрушать, уничтожать;verb;;annihilate, demolish, ruin;;battle
detention;"задержание, арест; содержание под арестом";noun;;;Malfoy's got detention! I could sing!;HARRY POTTER AND THE SORCERER'S STONE (book)
deteriorate;ухудшать(ся), портить(ся);verb;dɪˈtɪərɪəˌreɪt;worsen;;сложные слова
determine;"1) определять, устанавливать; 2) решать(ся)";verb;;decide, define;;
detest;ненавидеть, питать отвращение;verb;dɪˈtest;hate, loathe;Well, they did rather detest each other.;disgust, HARRY POTTER AND THE SORCERER'S STONE (book)
devise;придумывать, изобретать;verb;;invent;;
devote;"посвящать; посветить";verb;;dedicate;;
devoted;"преданный; посвященный";adjective;;dedicated;;traits
devour;"1) жадно есть; глотать, давясь; 2) поглощать; уничтожать; разрушать";verb;dɪˈvauə;bolt, wolf down;He grasped it and devoured it mechanically.;eat, REPEATING
die;"умирать; скончаться";verb;;pass away, perish;She fought against racism all her life and died a martyr to the cause. | The mark of the immature man is that he wants to die nobly for a cause, while the mark of the mature man is that he wants to live humbly for one.;medicine
diminish;уменьшать(ся), убавлять(ся) (decrease in size, extent, or range);verb;;decrease, lessen;;
din;шум, грохот, гул;noun;;racket, uproar;The din was deafening.;HARRY POTTER AND THE SORCERER'S STONE (book)
dingy;"1) выцветший, тусклый; 2) грязный, запачканный";adjective;ˈdɪnʤɪ;blue, dirty, dreary, gloomy, grim, muddy;But for all he could see, he had become a pair of eyeballs, floating a few feet above the ground in a dingy street full of parked cars.;HARRY POTTER AND THE CHAMBER OF SECRETS (book)
dip;"1) макать, окунать; 2) окунаться; нырять";verb;;immerse, plunge;The swimmer dipped into the river but it was too cold.;HARRY POTTER AND THE CHAMBER OF SECRETS (book)
direct;"1) направлять; 2) руководить, управлять; 3) дирижировать; 4) ставить пьесу, спектакль, фильм";verb;;conduct, control;He wanted to give up acting and start directing his own films.;films, work
dirty;"1) грязный, нечистый, замаранный; 2) подлый, непристойный, нечестный";adjective;;dingy, filthy, foul, grubby, lousy, muddy, unclean;This hat was patched and frayed and extremely dirty.;appearance
disabled;"страдающий от увечья, болезни; неполноценный; нетрудоспособный";adjective;dɪsˈeɪbld;;The accident left him severely disabled.;LANGUAGE COURSES, medicine
disappear;исчезать, пропадать;verb;;vanish;Over and over again he dreamed about his parents disappearing in a flash of green light, while a high voice cackled with laughter.;
disappoint;разочаровывать, расстраивать планы;verb;;disillusion, frustrate;;
discard;избавляться от чего-л. (отбрасывать, выбрасывать за ненадобностью);verb;;;Discarded food containers and bottles littered the streets.;LANGUAGE COURSES, pollution
discharge;"1) разгружать, разряжать; 2) освобождать, отпускать; 3) увольнять, демобилизовать";verb;;dismiss, fire, release, sack;;arms
disciple;"ученик; последователь; апостол";noun;;;He kept telling me if I didn't like the Disciples, then I didn't like Jesus and all.;religion, THE CATCHER IN THE RYE (book)
discipline;дисциплина, порядок;noun;ˈdɪsəplɪn;;She insists upon strict discipline throughout the school, and if you take my advice you will do your very best to behave yourselves in her presence.;education, LANGUAGE COURSES
discreet;"осмотрительный, осторожный; рассудительный, благоразумный; сдержанный; тактичный";adjective;dɪˈskriːt;;My friends are very discreet. They always keep my secrets.;REPEATING, traits
discrepancy;"несоответствие, расхождение; различие, отличие (difference between two things that should be the same)";noun;dɪsˈkrep(ə)n(t)sɪ;;The authors are unable to discover the cause of this discrepancy. | There is some discrepancy between the two accounts.;INFORMATION TECHNOLOGIES
disgruntle;"раздражать; сердить (put into a bad mood or into bad humour)";verb;;;Owls hooted to one another in a disgruntled sort of way over the babble and the scraping of heavy trunks.;HARRY POTTER AND THE SORCERER'S STONE (book)
disgust;внушать отвращение, быть противным;verb;;nauseate, sicken;;disgust
disillusion;разочаровывать, разрушать иллюзии;verb;;disappoint;;сложные слова
dismiss;"1) отпускать, освобождать, распускать; 2) увольнять; 3) прекращать";verb;;discharge, fire, release, sack;to dismiss the subject[прекратить обсуждение вопроса];work
dissect;"1) мед. анатомировать, вскрывать, препарировать; 2) анализировать; проводить анализ, разбирать детально";verb;dɪˈsekt;;It's important to dissect what's going on, which will require us to do a little math.;INFORMATION TECHNOLOGIES
distinct;"ясный; явственный; отчетливый";adjective;;clear, lucid, plain;She looked distinctly ruffled.;THE CATCHER IN THE RYE (book)
distinguish;"отличать; различать";verb;;make out, tell;;LANGUAGE COURSES
distort;"1) искажать; искривлять; коверкать; деформировать; 2) искажаться; деформироваться; терять форму";verb;;;His face distorted with passion.;REPEATING
distract;отвлекать, уводить в сторону;verb;;;"""So you don't think I'm a match for Lucius Malfoy?"" said Mr. Weasley indignantly, but he was distracted almost at once by the sight of Hermione's parents.";HARRY POTTER AND THE CHAMBER OF SECRETS (book)
disturb;"1) нарушать; 2) беспокоить, мешать";verb;;trouble;;
disturbance;"1) нарушение; 2) волнение; беспорядки; 3) беспокойство; расстройство";noun;;;He said that the boy that had created the disturbance in chapel wasn't fit to go to Pencey.;THE CATCHER IN THE RYE (book)
diversion;отвлечение внимания;noun;daɪˈvɜːʃ(ə)n;;And I'd bet my broomstick he let that troll in, to make a diversion!;HARRY POTTER AND THE SORCERER'S STONE (book)
divine;"1) божественный (относящийся к Богу, божеству); 2) богоподобный; божественный; небесный, неземной";adjective;;;The Ayatollah described the earthquake in Iran as a divine test.;INTERNET, religion
dizzy;чувствующий головокружение;adjective;;;And everybody kept coming in and going out all the time - you got dizzy watching people sit down and stand up. | I got sort of dizzy and I thought I was going to pass out or something again. | I was still feeling sort of dizzy or something, and I had a helluva headache all of a sudden.;THE CATCHER IN THE RYE (book), самые сложные слова
docile;послушный, покорный;adjective;ˈdɔsəl;obedient;Americans used to be wily goats, now we're docile sheep.;traits
dodge;избегать, увертываться, уклоняться (от удара);verb;;avoid, duck, evade;She was thrilling to a desire that urged her to go forward, to be in closer to that fire, to be squabbling with the dogs, and to be avoiding and dodging the stumbling feet of men.;WHITE FANG (book)
dodgy;"изворотливый, ловкий; нечестный, с хитрецой";adjective;;cunning, sly, tricky, wily;They got involved with a dodgy businessman and lost all their savings.;HARRY POTTER AND THE CHAMBER OF SECRETS (book), traits
domain;"1) территория, зона, область, район; 2) сфера (интересов), поле (деятельности), область (знаний)";noun;dəuˈmeɪn;;One of the best understood domains of concurrency is in data processing, as testified by the long history of query optimization in database management systems.;INFORMATION TECHNOLOGIES
doom;"обрекать; предопределять";verb;;;Is every high street in the world doomed to be the same?;LANGUAGE COURSES
doorknob;a round handle that you turn to open a door;noun;;;Harry groped for the doorknob - between Filch and death, he'd take Filch.;HARRY POTTER AND THE SORCERER'S STONE (book)
dope;"1) дурак; болван; остолоп; 2) допинг; наркотик; дурман";noun;;berk, dunderhead, wally;I asked them if they liked it, but do you think you could get an intelligent answer out of those three dopes? | She didn't look like any dope to me. | What a dope I was. | You could even be a dope fiend and nobody'd care.;odd people, THE CATCHER IN THE RYE (book)
dopey;"1) вялый; полусонный; одурманенный; 2) having or revealing stupidity";adjective;;stupid;Then, when she was all done whispering and being cute as hell, she'd sing some dopey song, half in English and half in French, and drive all the phonies in the place mad with joy.;appearance, THE CATCHER IN THE RYE (book)
dorm;общая спальня;noun;;;Mr. Zambesi stuck his head out of this window in the academic building and told us to go back to the dorm and get ready for dinner.;THE CATCHER IN THE RYE (book)
dormition;"1) сон; засыпание; смерть во сне; 2) Успение";noun;ˈdɔːmɪʃ(ə)n;;Georgian President Mikhail Saakashvili has issued a decree pardoning 201 prisoners due to the Dormition of Virgin Mary, which Orthodox believers marked on Sunday.;MYSTAGOGY, religion
doubtful;сомневающийся, колеблющийся;adjective;ˈdaʊtfəl;dubious;;traits
dough;"1) тесто, паста, густая масса; 2) деньги, бабки (разг.)";noun;dəʊ;;He's got a lot of dough, now. | I wouldn't visit that sonuvabitch Morrow for all the dough in the world, even if I was desperate.;THE CATCHER IN THE RYE (book)
doughnut;"пончик; жареный пирожок";noun;ˈdəʊnʌt;;A moment later the desserts appeared. Blocks of ice cream in every flavor you could think of, apple pies, treacle tarts, chocolate eclairs and jam doughnuts, trifle, strawberries, Jell-O, rice pudding.;HARRY POTTER AND THE SORCERER'S STONE (book), meal
downright;"совершенно; явно";adverb;;;People are being downright careless, out on the streets in broad daylight, not even dressed in Muggle clothes, swapping rumors.;HARRY POTTER AND THE SORCERER'S STONE (book)
downside;недостаток, обратная сторона;noun;;;This will often make them feel special but the downside is that they may suffer occasional pangs of jealousy and loneliness when friends discuss their family life.;LANGUAGE COURSES
down with smth.;долой;phrase;;;"""Down with the traitor!"", the crowd bawled.[""Долой предателя!"", орала толпа.]";REPEATING
drag;"1) тащить; тянуть, волочить; 2) тащиться позади, отставать";verb;;draw, pull;The minutes dragged by.;
drain;"водосток, труба; канализация";noun;;;The drain is blocked.;
drain;"1) осушать; 2) истощать";verb;;;He drained the little bottle in one gulp.;HARRY POTTER AND THE SORCERER'S STONE (book)
drastic;"1) сильнодействующий (о лекарстве); 2) интенсивный; решительный; радикальный, глубокий; резкий";adjective;;;Browsers with optimizing JavaScript engines don't have this sort of performance penalty for accessing out-of-scope identifiers, whereas Internet Explorer and others show a more drastic effect.;INFORMATION TECHNOLOGIES
draw;"1) тащить(ся), волочить(ся), тянуть; 2) рисовать; 3) кончать вничью; 4) вдыхать, втягивать";verb;;drag, pull;;
drawback;"препятствие; помеха, преграда, препона";noun;ˈdrɔːbæk;obstacle;However, old chessmen weren't a drawback at all.;HARRY POTTER AND THE SORCERER'S STONE (book)
drawl;растягивать слова, произносить с подчеркнутой медлительностью;verb;drɔːl;;"""Potter, you've got yourself a girlfriend!"" drawled Malfoy.";HARRY POTTER AND THE CHAMBER OF SECRETS (book)
dread;страх, боязнь;noun;;awe, fear, fright, horror, terror;;fear, violence
dreary;"грустный, печальный; тоскливый (boring and making you feel unhappy)";adjective;;blue, cheerless, dingy, gloomy, glum, grim, melancholy, mournful, sombre;She had spent another dreary day in the office.;
drench;промокать насквозь;verb;;;Within seconds, the whole class was standing on their stools while Neville, who had been drenched in the potion when the cauldron collapsed, moaned in pain as angry red boils sprang up all over his arms and legs.;HARRY POTTER AND THE SORCERER'S STONE (book)
drip;капать, падать каплями;verb;;drop;The drops dripped off the laurel leaves.;THE SILVER CHAIR (book) 
drive away;"force to go away; used both with concrete and metaphoric meanings";phrase;;chase away;I set out leather cushions and festoons of flowers for each guest, and jars of perfumed oil to cool them in the stifling night and drive away the mosquitoes. | We drove away the monkeys from the fruit.;idioms, phrasal verbs, REPEATING
drive out;вытеснять;phrase;;;Genuine conversation will be driven out by superficial communication, in which the act of contacting one another is all that matters, leading to a deterioration in the quality of relationships.;LANGUAGE COURSES, phrasal verbs
drool;"1) сочиться; течь; 2) распускать слюни; млеть от счастья";verb;;;I didn't much want to see it, but I knew old Sally, the queen of the phonies, would start drooling all over the place when I told her I had tickets for that, because the Lunts were in it and all.;THE CATCHER IN THE RYE (book)
droop;поникать, свисать, склоняться, наклоняться (to bend or hang down heavily);verb;;;Dudley, who was so large his bottom drooped over either side of the kitchen chair, grinned and turned to Harry.;HARRY POTTER AND THE CHAMBER OF SECRETS (book)
drop;"капать; падать; ронять";verb;;drip, fall, go down, sink;He was amazed when the owls soared down and dropped this large parcel right in front of him. | Scowling, Malfoy quickly dropped the Remembrall back on the table.;
drought;засуха;noun;draut;;"Because of man's sin, the earth produces thorns; because of sin, there is infertility; because of sin, there are droughts, floods, earthquakes, plagues, and destructive insects such as grasshoppers and caterpillars.";MYSTAGOGY
drown;"тонуть; топить";verb;;sink;;
drum;"бить в барабан; барабанить; стучать";verb;;beat;He drummed his fingers on the steering wheel and his eyes fell on a huddle of these weirdos standing quite close by.;HARRY POTTER AND THE SORCERER'S STONE (book), striking (verbs)
drunkard;алкоголик, пьяница;noun;;;The drunkard went reeling home.;odd people, REPEATING
dubious;колеблющийся, нерешительный, неуверенный, сомневающийся;adjective;;doubtful;Though he followed her, he was still dubious, and he could not forbear an occasional halt in order more carefully to study the warning.;traits, WHITE FANG (book)
duck;"быстро наклонять голову; увертываться";verb;;avoid, dodge, evade;The Dursleys ducked, but Harry leapt into the air trying to catch one.;HARRY POTTER AND THE SORCERER'S STONE (book)
due to smth.;в связи с тем, что (because of);phrase;;;This is due to the fact that his chest is much wider than that of a fox.;REPEATING
duffer;"тупица; балда; остолоп; неловкий, нескладный человек";noun;;oaf;Everyone says Hufflepuff are a lot of duffers.;HARRY POTTER AND THE SORCERER'S STONE (book), odd people
dull;"1) тупой (о человеке), глупый; 2) унылый, безрадостный, скучный; 3) пасмурный, неясный, тусклый";adjective;;stupid;Twelve feet tall, its skin was a dull, granite gray, its great lumpy body like a boulder with its small bald head perched on top like a coconut.;traits
dumbstruck;онемевший от внезапных чувств (so shocked as to be unable to speak);adjective;ˈdʌmstrʌk;;Uncle Vernon, Aunt Petunia, and Dudley were all hanging, dumbstruck, out of Harry's window.;HARRY POTTER AND THE CHAMBER OF SECRETS (book)
dump;"1) класть, ставить (небрежно, с шумом); 2) сваливать, выбрасывать";verb;;;Uncle Vernon dumped Harry's trunk onto a cart and wheeled it into the station for him.;HARRY POTTER AND THE SORCERER'S STONE (book), pollution
dumpy;коренастый (short and fat);adjective;;squat, thickset;Three times a week they went out to the greenhouses behind the castle to study Herbology, with a dumpy little witch called Professor Sprout, where they learned how to take care of all the strange plants and fungi, and found out what they were used for.;appearance, HARRY POTTER AND THE SORCERER'S STONE (book)
dunderhead;"дурья башка; болван";noun;ˈdʌndərˌhed;berk, dope, wally;I can teach you how to bottle fame, brew glory, even stopper death - if you aren't as big a bunch of dunderheads as I usually have to teach.;HARRY POTTER AND THE SORCERER'S STONE (book), odd people
dung;навоз, помёт (solid waste from animals, especially cattle and horses);noun;;manure, muck;He might turn them all into dung beetles.;HARRY POTTER AND THE CHAMBER OF SECRETS (book)
dungeon;"1) главная башня; 2) подземная тюрьма; темница";noun;;;He wouldn't believe they were lost, was sure they were trying to break into it on purpose, and was threatening to lock them in the dungeons when they were rescued by Professor Quirrell, who was passing.;HARRY POTTER AND THE SORCERER'S STONE (book)
dupe;одурачивать, обдуривать, обманывать;verb;;fool;;fraud, сложные слова
dusk;"сумерки; полумрак, сумрак";noun;;;Paris stretched out before him with its million lights twinkling in the early dusk.;REPEATING
dust-colored;серовато-коричневый;adjective;;;Filch owned a cat called Mrs. Norris, a scrawny, dust-colored creature with bulging, lamp like eyes just like Filch's.;colors, HARRY POTTER AND THE SORCERER'S STONE (book)
duty;"долг, обязанность; служебные обязанности";noun;;obligation;;
dwindle;"сокращаться, уменьшаться; истощаться, ухудшаться (become smaller or lose substance)";verb;;;;сложные слова
earlobe;мочка (уха);noun;;;Do you have a piercing in a place other than your earlobe, or not?;body parts, LANGUAGE COURSES
earsplitting;оглушительный;adjective;;;Harry snapped it shut, but the shriek went on and on, one high, unbroken, earsplitting note.;HARRY POTTER AND THE SORCERER'S STONE (book)
eccentric;"эксцентричный; необычный, странный; вызывающе оригинальный";adjective;ɪkˈsentrɪk;bizarre, freak, strange;He was rather a character, and even eccentric.;REPEATING, traits
eclair;эклер;noun;eɪˈkleər;;A moment later the desserts appeared. Blocks of ice cream in every flavor you could think of, apple pies, treacle tarts, chocolate eclairs and jam doughnuts, trifle, strawberries, Jell-O, rice pudding.;HARRY POTTER AND THE SORCERER'S STONE (book), meal
eerie;"жуткий, зловещий, мрачный; сверхъестественный (strange in a frightening and mysterious way)";adjective;ˈɪərɪ;;The library was pitch black and very eerie.;fear, HARRY POTTER AND THE SORCERER'S STONE (book), violence
effortless;"не требующий усилий; лёгкий; естественный, непринуждённый";adjective;ˈefətləs;;He leaped with a terrific energy, doubled like a spring, attained speed, and moved with effortless beauty.;REPEATING
either;также (after a negative statement used as an intensive meaning something like 'likewise' or 'also');adverb;;;The rest of the team wasn't too calm, either.;HARRY POTTER AND THE SORCERER'S STONE (book)
elderly;пожилой, почтенный;adjective;;;British police say two robbers broke into an elderly woman's home, stole money and then snapped the neck of her pet budgerigar in front of her. | Is it common for elderly people to live in nursing homes in your country? | She is a spinster. To put it differently she is an elderly unmarried woman.;LANGUAGE COURSES
elevate;"поднимать; повышать";verb;;hoist, lift, raise;;
elope;"сбежать (с любовником или любовницей; чтобы тайком пожениться)";verb;;;She eloped with an Army officer.;LANGUAGE COURSES, relationship
eloquent;"красноречивый; выразительный";adjective;;;;traits
emanate;"1) исходить, истекать (о запахе и т. п.); 2) выпускать, испускать; излучать; выделять";verb;'eməneɪt;;When his coffin was opened, everyone was struck by the light which emanated from his face.;MYSTAGOGY
embarrass;"смущать; приводить в замешательство; конфузить";verb;;bewilder, confuse;I hope this doesn't embarrass you Jen, but I found the best thing to do with the new employee is to size them up with a long hard stare. | She had one of these very loud, embarrassing voices when you met her somewhere.;THE CATCHER IN THE RYE (book)
embellish;украшать, приукрашивать;verb;;decorate, trim;Developers of such tools typically embellish the process by paying careful attention to the form of the query and the order in which files are listed in the response.;INFORMATION TECHNOLOGIES
ember;тлеющий (в золе) красный уголек;noun;;;A few embers were still glowing in the fireplace, turning all the armchairs into curved black shadows.;HARRY POTTER AND THE SORCERER'S STONE (book), picnic
embodiment;олицетворение, изображение, воплощение;noun;;personification;He was the embodiment of the English gentleman.;appearance, LANGUAGE COURSES
embrace;"1) обнимать(ся); 2) включать, содержать, охватывать";verb;;clasp, hug;;relationship
embroidery;вышивание, вышивка;noun;ɪmˈbrɒɪdərɪ;;;
emerald;изумрудный;adjective;;;The envelope was thick and heavy, made of yellowish parchment, and the address was written in emerald-green ink.;colors, HARRY POTTER AND THE SORCERER'S STONE (book)
emerge;появляться, возникать;verb;;appear, arise, spring up;;
emit;"1) испускать (свет), излучать, выделять; 2) извергать, выбрасывать";verb;;let out;;pollution
employ;"1) предоставлять работу, нанимать; 2) употреблять, использовать, применять";verb;ɪmˈplɒɪ;engage, hire;;work
empower;"уполномочивать, снабжать полномочиями; давать возможность (to give someone official authority or the freedom to do something)";verb;;;This knowledge will empower you to make the best dicisions when building well-constructed UIs and better enable you to leverage the framework effectively.;INFORMATION TECHNOLOGIES
enchantment;"1) очарование, обаяние; 2) колдовство, волшебство";noun;;spell;Hermione was skimming through all her notes, hoping to come across one of the enchantments they were about to try to break.;HARRY POTTER AND THE SORCERER'S STONE (book)
encircle;окружать;verb;;surround;;battle
enclose;окружать, огораживать, окаймлять (surround completely);verb;;;The pool area is enclosed by a six-foot wall.;
encounter;(неожиданно) встретиться, столкнуться (с кем-л.);verb;;come across, run into;On their way home they encountered a woman selling flowers.;LANGUAGE COURSES
end;"1) конец, предел, граница; 2) смерть, кончина; 3) цель";noun;;aim, goal, objective, purpose, target;;
endearing;inspiring affection, love or warm sympathy, in a childlike way;adjective;;;Like real people, each of the characters in Friends has both endearing and irritating qualities. | She laughs at herself a lot which is always endearing.;LANGUAGE COURSES, traits
endeavor;"попытка, старание; стремление (an attempt to do something)";noun;ɪnˈdevə;;When exploring some of the layouts, we'll hit upon examples that are verbose, and thus lengthy, and can serve as a great springboard or starting point for your lay-out endeavors.;INFORMATION TECHNOLOGIES
endure;выносить, терпеть;verb;;bear, make up, put up with, stand;;violence
engage;"1) нанимать; 2) заказывать заранее; 3) привлекать, вовлекать, завладевать вниманием";verb;;book, employ, hire;;work
English muffin;оладья (a small round flat type of bread, usually sliced in two and eaten hot with butter);noun;;;They sat by the hour eating anything they could spear on a toasting fork - bread, English muffins, marshmallows.;HARRY POTTER AND THE SORCERER'S STONE (book), meal
enjoyment;удовольствие, наслаждение;noun;;delight, gratification, pleasure, treat;;
enormous;"громадный, огромный; ужасный, чудовищный";adjective;;terrific, tremendous;;
enrol;to put yourself or someone else onto the official list of members of a course, college or group;verb;ɪnˈrəʊl;;Is it too late to enrol at the college? | So if anybody can't access a class, let me know and I'll check the enrollment sheet to see if they were exempt. | They want to enrol their children in their local school.;education, LANGUAGE COURSES
enthrall;"порабощать; захватывать, очаровывать, увлекать";verb;;fascinate;;сложные слова
entrance;приводить в восторг, очаровывать, околдовывать;verb;ɪnˈtrɑːns;bewitch, captivate, charm, fascinate;Men have wasted away before the Mirror, entranced by what they have seen, or been driven mad, not knowing if what it shows is real or even possible.;HARRY POTTER AND THE SORCERER'S STONE (book)
envious;завистливый;adjective;;jealous;;traits
equate;равнять, уравнивать, приравнивать, быть равным, соответствовать;verb;;even;;
erode;разъедать (о язвах), разрушать (to slowly reduce or destroy);verb;;;According to him, we now have identical high streets worldwide, local cultures have been eroded and national identities have all but disappeared.;LANGUAGE COURSES, medicine
erupt;"1) извергать, выбрасывать (лаву, пепел); 2) to suddenly express your feelings in a noisy way";verb;;belch;"The stands erupted; it had to be a record, no one could ever remember the Snitch being caught so quickly.";HARRY POTTER AND THE SORCERER'S STONE (book)
esoteric;"эзотерический, тайный, скрытый; известный или понятный лишь посвящённым";adjective;ˌesəʊˈterɪk;;From the latest avant-garde groups to the most obscure medieval church music, there is always somebody ready and willing to record even the most esoteric piece of music and upload it onto the Net.;LANGUAGE COURSES
essential;"необходимый; неотъемлемый; весьма важный";adjective;;crucial, vital;;
estimate;"оценивать, давать оценку; ценить";verb;;assess, gauge, reckon;;
ether;"небеса; заоблачная высь ";noun;ˈiːθə;;You will know the meaning of our words praying for Spring to the ether.;SONGS
evade;ускользать, уклоняться, избегать;verb;;avoid, dodge, duck;;
evaluate;"оценивать; определять количество или качество (evaluate or estimate the nature, quality, ability, extent, or significance of)";verb;;assess;;
even;выравнивать, равнять, уравнивать;verb;ˈi:vən;equate;;
eventually;в конце концов;adverb;;finally, in the end, ultimately;This eventually led to the official condemnation of Bogomilism by the Orthodox Church and the fleeing of adherents of Bogomilism to the West where they reestablished themselves.;LANGUAGE COURSES
every now and then;время от времени;adverb;;;I laughed at him, but have every now and then a suspicion that he was right.;REPEATING
evident;явный, очевидный;adjective;;apparent, obvious;;
exaggerate;"гиперболизировать, преувеличивать; усложнять";verb;;;I'm not exaggerating - it was the worst meal I've ever eaten in my life.;LANGUAGE COURSES
exasperation;"озлобление, раздражение; гнев";noun;;;"""Yes, but not to us,"" said Ron in exasperation.";HARRY POTTER AND THE SORCERER'S STONE (book)
except;исключать;verb;;exclude, rule out;;
exclude;"не допускать; исключать";verb;;except, rule out;;
excuse;"1) извинение; 2) повод, предлог, отговорка; причина";noun;;;Snape's refereeing this time, and he'll be looking for any excuse to knock points off Gryffindor! | We've just got to make sure we play a clean game, so Snape hasn't got an excuse to pick on us.;HARRY POTTER AND THE SORCERER'S STONE (book)
execute;"1) выполнять, исполнять, осуществлять; 2) доводить до конца; 3) казнить";verb;;accomplish, carry out, fulfil, perform;;violence
exempt;свободный, освобождённый (от обязанностей, налога, военной службы);adjective;ɪkˌsempt;;So if anybody can't access a class, let me know and I'll check the enrollment sheet to see if they were exempt.;INFORMATION TECHNOLOGIES
exhale;выдохнуть;verb;;breathe out;;
exhausted;"изнуренный, истощенный; обессиленный, уставший";adjective;;run-down, tired, weary;;appearance
expect;"ожидать, ждать; рассчитывать, предполагать; надеяться";verb;;anticipate, await;;
expel;"выгонять; изгонять; исключать";verb;;;All they did with the guys that were in the room with him was expel them. They didn't even go to jail. | But I suppose they snapped it in half when you got expelled?;education, THE CATCHER IN THE RYE (book), самые сложные слова
explicit;"ясный, подробный; явный; определённый, точный";adjective;;;List partitioning enables you to explicitly control how rows map to partitions by specifying a list of discrete values for the partitioning key in the description for each partition.;INFORMATION TECHNOLOGIES
explode;взрывать(ся);verb;;blow up, burst;;arms
expose;"делать видимым, обнажать; показывать, выставлять напоказ";verb;;;It's convenient for development environments where you'd like to expose your server-side methods to the client and not have to worry about all of the muck with Ajax connection handling. | Much more can be done, including the creation of a REPL using all the shared functionality exposed in Microsoft.Scripting and auxiliary assemblies.;INFORMATION TECHNOLOGIES
express;"выражать прямо; высказываться";verb;;utter;;
extraterrestrial;внеземной;adjective;;;extraterrestrial civilization[внеземная цивилизация];
extravagant;"1) неэкономный, расточительный; 2) неумеренный, непомерный (о требованиях, цене)";adjective;ɪkˈstrævəgənt;;It serves as a shoking reminder of the huge amount of waste produced by today's extravagant high-tech society.;LANGUAGE COURSES, pollution
fabric;"1) ткань, материал, материя; 2) строение, структура";noun;ˈfæbrɪk;tissue;Indeed, the very fabric of society may be threatened.;LANGUAGE COURSES
facilitate;"облегчать; содействовать; способствовать; помогать";verb;fəˈsɪlɪteɪt;alleviate;Many people across the world now speak a 'global English' which facilitates communication in an ever-shrinking, ever-more commercial world.;LANGUAGE COURSES
fade;"1) вянуть; увядать; отцветать; 2) блекнуть";verb;;wither;It was a very singular face. His eyes were faded, and his hair, which he wore long, was flecked with gray. | The man's eyes had faded. The darkness had spoiled their lustre.;appearance
faint;падать в обморок;verb;;pass out;I nearly fainted in the heat.;medicine
faint;"тусклый; нечёткий, расплывчатый; бледный; незначительный, слабый (not strong or clear; slight)";adjective;;vague;She detected the faint scent of her favourite flowers.;REPEATING
fair;"1) честный; 2) справедливый, беспристрастный; 3) светлый, русый; 4) ясный, чистый; 5) красивый, прекрасный";adjective;;beautiful, clear, honest, just, right;He is paid a good wage, because he works for a fair employer.;appearance, traits
fair;"базар, рынок; ярмарка, выставка";noun;;;Vanity Fair is a contemporary American magazine of pop culture, fashion, and politics.;holidays, LANGUAGE COURSES
fall;падать, опускаться, снижаться;verb;;drop, go down, sink;;
fall head over heels in love;влюбиться по уши;phrase;;;I think Tom Farley fell head over heels in love with her the minute he saw her.;idioms, LANGUAGE COURSES, relationship
fall out;ссориться, рассориться;phrase;;;;phrasal verbs, relationship
falsies;бюстгальтер с прокладкой;noun;;;;THE CATCHER IN THE RYE (book)
falter;"1) спотыкаться; запинаться (walk unsteadily); 2) заикаться";verb;;stammer, stumble, stutter;;сложные слова
famine;голодание, голод (стихийное бедствие);noun;ˈfæmɪn;hunger, starvation;Forgotten were the days they had hunted together, the game they had pulled down, the famine they had suffered.;WHITE FANG (book)
fancy;"1) очень хотеть, страстно желать (would like to); 2) испытывать симпатию, любить";verb;;;"Do you fancy a sandwich? | ""Mum fancies  him,"" said Fred, in a very audible whisper.";LANGUAGE COURSES
fascinate;"очаровывать; пленять";verb;;bewitch, captivate, charm, enthrall, entrance;Then they visited the Apothecary, which was fascinating enough to make up for its horrible smell, a mixture of bad eggs and rotted cabbages. | The trouble was, that kind of junk is sort of fascinating to watch, even if you don't want it to be.;THE CATCHER IN THE RYE (book)
fast;"1) прочный, крепкий; 2) закрепленный, фиксированный; 3) скорый, быстрый";adjective;;firm, prompt, quick, rapid, speedy, stable, steady, strong, swift, tough;;
favor;"1) благосклонность; расположение; 2) любезность; одолжение";noun;;;You take a very handsome guy, or a guy that thinks he's a real hot-shot, and they're always asking you to do them a big favor.;THE CATCHER IN THE RYE (book)
favor;"1) благоволить, быть благосклонным; 2) покровительствовать, оказывать протекцию; 3) помогать, поддерживать, оказывать помощь";verb;;;Finish the game before Snape can favor Hufflepuff too much.;HARRY POTTER AND THE SORCERER'S STONE (book)
fear;"страх; боязнь, опасение";noun;;awe, dread, fright, horror, terror;He strode over to the sofa where Dudley sat frozen with fear.;fear, violence
feasible;"осуществимый; выполнимый";adjective;ˈfiːzəbəl;;;LANGUAGE COURSES
feather duster;метёлка из перьев для смахивания пыли;noun;;;Madam Pince the librarian brandished a feather duster at him.;HARRY POTTER AND THE SORCERER'S STONE (book)
fee;"гонорар; вознаграждение";noun;;;We couldn't pay the lawyer's fee.;LANGUAGE COURSES, work
feeling;"ощущение; чувство; сознание";noun;;sensation, sense, sentiment;;
feel on the same wavelength;(of two or more people) to think or feel in a similar way and to understand each other well;phrase;;;She thinks about things in the same way as me. I really feel on the same wavelength as her.;idioms, LANGUAGE COURSES, relationship
felt-tip pen;фломастер;noun;;;I need a felt-tip pen, and some paper.;IT CROWD
fencing;"1) огораживание, заграждение; изгородь; 2) фехтование";noun;;railing;I was the goddam manager of the fencing team.;THE CATCHER IN THE RYE (book)
ferocious;"1) жестокий; 2) свирепый; 3) дикий";adjective;;fierce;The storm raged more and more ferociously as the night went on.;HARRY POTTER AND THE SORCERER'S STONE (book), traits, violence
ferret;хорек;noun;;polecat;;animals
festoon;гирлянда;noun;fesˈtuːn;;I set out leather cushions and festoons of flowers for each guest, and jars of perfumed oil to cool them in the stifling night and drive away the mosquitoes. | The hall looked spectacular. Festoons of holly and mistletoe hung all around the walls.;HARRY POTTER AND THE SORCERER'S STONE (book)
fetch;"сходить за кем-л.; привести";verb;;;Could you please fetch my daughter from school?;education, LANGUAGE COURSES
fiancee;невеста (девушка, давшая согласие выйти замуж);noun;fɪˈɑːn(t)seɪ;;My fiancee is a divorced woman with a 4-year-old daughter whom I quite simply adore and look at as if she were my own.;LANGUAGE COURSES, relationship
fiend;"1) злодей; изверг; 2) человек, пристрастившийся к вредной привычке";noun;;addict;Old Brossard was a bridge fiend, and he started looking around the dorm for a game. | You could even be a dope fiend and nobody'd care.;odd people, THE CATCHER IN THE RYE (book)
fierce;"1) свирепый; лютый; 2) жестокий";adjective;;ferocious;Harry looked up into the fierce, wild, shadowy face and saw that the beetle eyes were crinkled in a smile. | Spray from the high waves splattered the walls of the hut and a fierce wind rattled the filthy windows.;HARRY POTTER AND THE SORCERER'S STONE (book), traits, violence
fig;"1) инжир; 2) фига, фиговое дерево; 3) смоковница; 4) шиш, дуля, кукиш; 5) состояние, настроение";noun;;;in good fig[в хорошем состоянии] | not worth a fig[ничего не стоит];plants
fight;"1) вести бой, сражаться, воевать; 2) биться, драться, бороться";verb;;scuffle;;battle
filthy;"1) грязный; замызганный; 2) мерзкий; отвратительный";adjective;;dirty, foul, lousy, nasty;Spray from the high waves splattered the walls of the hut and a fierce wind rattled the filthy windows.;disgust, HARRY POTTER AND THE SORCERER'S STONE (book)
finally;"в конце концов; в конечном счете";adverb;;eventually, in the end, ultimately;;LANGUAGE COURSES
fine;штрафовать;verb;;;The judge decided to fine the man $500 instead of sending him to prison.;LANGUAGE COURSES
finite;"1) ограниченный, имеющий предел; 2) конечный";adjective;ˈfaɪnaɪt;;They perceived themselves finite and small.;REPEATING
fire;"1) зажигать, разжигать, воспламенять; 2) стрелять, вести огонь; 3) увольнять";verb;;discharge, dismiss, go off, ignite, release, sack;Step out of line one more time Peters, and you're fired!;arms, picnic, work
firecracker;фейерверк;noun;;;He was hot as a firecracker.;picnic, THE CATCHER IN THE RYE (book)
firm;"1) твердый; 2) крепкий, прочный";adjective;;fast, stable, steady, strong, tough;;
first-born;первенец;noun;;;The first-born is an only child until the second child comes along.;LANGUAGE COURSES, relationship
fishy;(разг.) сомнительный, подозрительный;adjective;;;There is something fishy about them.[В них есть что-то подозрительное.];HARRY POTTER AND THE CHAMBER OF SECRETS (book)
fix;"1) фиксировать, закреплять, устанавливать; 2) ремонтировать, чинить, исправлять";verb;;mend, repair;It's like they're pally-wally when there's a problem with their printer but once it's fixed... They toss us away like yesterday's jam!;
fixedly;пристально, в упор;adverb;;;Hermione, who had all her fingers crossed in her lap, was squinting fixedly at Harry, who was circling the game like a hawk, looking for the Snitch.;HARRY POTTER AND THE SORCERER'S STONE (book)
flag;"1) флаг; знамя; 2) каменная плита; плитняк";noun;;;They followed Professor McGonagall across the flagged stone floor.;HARRY POTTER AND THE SORCERER'S STONE (book)
flail;"1) молотить (beat hard); 2) to move energetically in an uncontrolled way";verb;;;Howling with pain, the troll twisted and flailed its club, with Harry clinging on for dear life. | Wriggling and flailing, it unraveled itself from their bodies, and they were able to pull free.;HARRY POTTER AND THE SORCERER'S STONE (book), striking (verbs)
flank;"бок, сторона (боковая часть чего-л.); склон (горы); крыло (здания)";noun;;;Their flanks, wet with the dew from sweet-smelling leaves, glistened in the morning sun.;body parts, REPEATING
flatter;льстить;verb;;;"""You flatter me,"" said Dumbledore calmly. ""Voldemort had powers I will never have.""";HARRY POTTER AND THE SORCERER'S STONE (book)
flaw;"1) трещина, щель, порок (в металле, фарфоре и т. п.), брак (в приобретённом изделии); 2) изъян, недостаток (характера), порок";noun;;;Based on our original example of an asynchronous file read, can you spot a flaw in the following piece of code?;INFORMATION TECHNOLOGIES
flay;"1) сдирать кожу прям. и перен. (remove the skin from a person's or animal's body); 2) хлестать (whip a person or animal so hard that some of their skin comes off)";verb;;;He shooed the shocked Masons back into the dining room, promised Harry he would flay him to within an inch of his life when the Masons had left, and handed him a mop.;HARRY POTTER AND THE CHAMBER OF SECRETS (book), violence
fleck;"1) покрывать пятнами, крапинками; 2) придавать оттенок (чего-л.)";verb;;;It was a very singular face. His eyes were faded, and his hair, which he wore long, was flecked with gray.;REPEATING
flick;слегка ударить (резким быстрым движением);verb;;;Harry and Seamus swished and flicked, but the feather they were supposed to be sending skyward just lay on the desktop.;HARRY POTTER AND THE SORCERER'S STONE (book)
flicker;"мерцать; вспыхивать и гаснуть; мигать";verb;;shimmer, twinkle;The hundreds of faces staring at them looked like pale lanterns in the flickering candlelight.;shine
flinch;"вздрагивать (от боли, испуга); передёрнуться (от отвращения)";verb;;cringe;Professor McGonagall flinched, but Dumbledore, who was unsticking two lemon drops, seemed not to notice.;fear, HARRY POTTER AND THE SORCERER'S STONE (book)
fling;бросать, швырять, кидать;verb;;cast, chuck, hurl, pitch, throw, toss;;
flipping;проклятый, чёртов (брит. ругат.);adjective;;blasted, goddam, helluva;I've been swearing like a flipping docker!;IT CROWD, swearword
flit;a male homosexual (US slang);noun;;;He said half the married guys in the world were flits and didn't even know it.;odd people, THE CATCHER IN THE RYE (book)
flit;проноситься быстро, мелькать (to appear or exist suddenly and for a short time in someone's mind or on their face);verb;;;For the first time, a spasm of fear flitted across Quirrell's face.;HARRY POTTER AND THE SORCERER'S STONE (book)
float;"1) держаться на поверхности воды; 2) плыть в воздухе, парить";verb;;;A bundle of walking sticks was floating in midair ahead of them, and as Percy took a step toward them they started throwing themselves at him. | But for all he could see, he had become a pair of eyeballs, floating a few feet above the ground in a dingy street full of parked cars. | It was colder here than up in the main castle, and would have been quite creepy enough without the pickled animals floating in glass jars all around the walls. | There was a pop, and a little man with wicked, dark eyes and a wide mouth appeared, floating crosslegged in the air, clutching the walking sticks.;HARRY POTTER AND THE SORCERER'S STONE (book)
flock;"1) стадо; стая (птиц); 2) толпа; группа; паства";noun;;crowd, swarm;The noise of the car startled the birds and the whole flock flew up into the air.;animals, birds
flop;"плюхаться; шлепаться";verb;;;Then she flopped on her stomach on the bed and put the goddam pillow over her head.;THE CATCHER IN THE RYE (book), самые сложные слова
flourish;"1) пышно расти, разрастаться, расцветать; 2) процветать, преуспевать";verb;;prosper, thrive;;
fluffy;пушистый, мягкий как пух;adjective;;;I tell you, that dragon's the most horrible animal I've ever met, but the way Hagrid goes on about it, you'd think it was a fluffy little bunny.;HARRY POTTER AND THE SORCERER'S STONE (book)
flunk;провалить(ся) на экзамене;verb;;;I'll show you the door in short order if you flunked English, you little ace composition writer. | I wasn't supposed to come back after Christmas vacation on account of I was flunking four subjects and not applying myself and all.;education, THE CATCHER IN THE RYE (book), самые сложные слова
flush;"1) вспыхнуть; 2) краснеть; 3) вызывать краску на лице, подрумяниваться";verb;;blush, redden;;appearance
flutter;"1) трепетать; 2) махать крыльями (flap the wings rapidly or fly with flapping movements); 3) волноваться; беспокоиться";verb;;;Then the coat on the bough began to flutter, for the wind blew in that direction.;HARRY POTTER AND THE SORCERER'S STONE (book)
fly into a temper;прийти в ярость;phrase;;;Jill suddenly flew into a temper (which is quite a likely thing to happen if you have been interrupted in a cry).;idioms, THE SILVER CHAIR (book) 
foil;"1) фольга; 2) рапира";noun;;;;THE CATCHER IN THE RYE (book)
fool;"1) баловаться; дурачиться; 2) одурачивать, обдуривать";verb;;dupe;;
foolish;"1) глупый; 2) безрассудный, бессмысленный";adjective;;inane, insane, silly, stupid;;traits
forbear;сдерживаться, воздерживаться;verb;;;Though he followed her, he was still dubious, and he could not forbear an occasional halt in order more carefully to study the warning.;WHITE FANG (book), сложные слова
forbid;запрещать;verb;;ban, prohibit;;
force;"1) заставлять, вынуждать, принуждать; 2) to break a lock, door, window, etc. in order to allow someone to get in";verb;;compel, make;He could force the door by means of a crowbar.;REPEATING, violence
for dear life;изо всех сил;adverb;;;Howling with pain, the troll twisted and flailed its club, with Harry clinging on for dear life.;HARRY POTTER AND THE SORCERER'S STONE (book)
forget-me-not;незабудка;noun;;;The real Lockhart was wearing robes of forget-me-not blue that exactly matched his eyes.;HARRY POTTER AND THE CHAMBER OF SECRETS (book), plants
forsake;"оставлять, покидать; отказываться";verb;;abandon, desert, leave;"The monastery's elders, however, did not forsake the headstrong novice in his foolishness; they continued to keep an eye on him and to pray for him.";
for some reason;"как-то; почему-то";adverb;;;I had a thing for space ships and futuristic cities for some reason!;idioms, LANGUAGE COURSES
foster;"воспитывать; выхаживать (to take care of a child, usually for a limited time, without being the child's legal parent)";verb;;bring up;Would you consider fostering a child?;LANGUAGE COURSES, relationship
foul;"1) грязный, загрязненный; 2) отвратительный, скверный, вонючий; 3) подлый, бесчестный";adjective;;dirty, filthy, nasty;Dudley put on a foul, simpering smile.;disgust, traits
fount;источник, ключ;noun;;spring;A fount of blood spurted from its throat.;REPEATING
four-poster;кровать с пологом на четырёх столбиках;noun;;;They found their beds at last: five four-posters hung with deep red, velvet curtains.;HARRY POTTER AND THE SORCERER'S STONE (book)
fraction;"1) дробь; 2) часть, доля; 3) обломок, осколок";noun;;;;
frank;откровенный, искренний, чистосердечный;adjective;;candid, genuine, ingenuous, sincere;;traits
frantic;"неистовый; безумный; бешеный (marked by uncontrolled excitement or emotion)";adjective;;mad;The delicious rippling noise of the stream was driving her nearly frantic.;THE SILVER CHAIR (book) 
frantically;безумно, неистово, яростно;adverb;;;Dobby made a funny choking noise and then banged his head frantically against the wall.;HARRY POTTER AND THE CHAMBER OF SECRETS (book)
fraternity;"братство; община";noun;;;And they had this goddam secret fraternity that I was too yellow not to join.;THE CATCHER IN THE RYE (book), самые сложные слова
frayed;поношенный (worn away or tattered along the edges);adjective;;battered, beat-up, ragged, shabby, worn-out;This hat was patched and frayed and extremely dirty.;clothes
freak;"странный, причудливый, необычный; помешанный";adjective;;bizarre, eccentric, strange;;traits
freckle;веснушка;noun;;;He was tall, thin, and gangling, with freckles, big hands and feet, and a long nose.;appearance, HARRY POTTER AND THE SORCERER'S STONE (book)
friar;монах;noun;ˈfraɪər;;Harry saw the ghost of the Fat Friar waving merrily at her.;HARRY POTTER AND THE SORCERER'S STONE (book), religion
fright;"1) испуг, страх; 2) пугало, страшилище";noun;;awe, dread, fear, horror, terror;;fear, violence
frighten;пугать, страшить;verb;;horrify, scare, terrify;His broom gave a sudden, frightening lurch. For a split second, he thought he was going to fall. | Neville suddenly let out a frightened squeak and broke into a run - he tripped, grabbed Ron around the waist, and the pair of them toppled right into a suit of armor. | When it bit me he told me off for frightening it.;fear, violence
frisk;"1) обыскивание; 2) прыжок, скачок";noun;;bound, hop, jump, leap, skip, spring;He shouted down to the policeman to do it again, then sighed when he saw the officer giggling throughout the frisk.;
frogmarch;толкать вперёд со связанными сзади руками (march a person against his will by any method);verb;ˈfrɒgˌmɑːʧ;;They frogmarched Percy from the room, his arms pinned to his side by his sweater.;HARRY POTTER AND THE SORCERER'S STONE (book)
from that point on;с этого момента;adverb;;;I changed schools when I was twelve. From that point on, I loved school.;LANGUAGE COURSES
frown;"хмурить брови; хмуриться; смотреть неодобрительно";verb;;scowl;"""Must be,"" said Percy, frowning at Dumbledore.";glance, HARRY POTTER AND THE SORCERER'S STONE (book)
frustrate;"1) расстраивать планы, срывать; 2) разочаровывать; обманывать (надежды, ожидания)";verb;;disappoint;Being the youngest in the family can sometimes be a stifling and frustrating experience, especially if they're looking to be taken seriously and treated like an adult.;LANGUAGE COURSES, сложные слова
fudge;сливочная помадка (a soft sweet made from sugar, butter and milk);noun;;;Harry had torn open the parcel to find a thick, hand knitted sweater in emerald green and a large box of homemade fudge.;HARRY POTTER AND THE SORCERER'S STONE (book), meal
fulfil;"1) выполнять, исполнять, осуществлять; 2) удовлетворять; 3) завершать";verb;;accomplish, carry out, execute;;
fungi;грибы;noun;;;Three times a week they went out to the greenhouses behind the castle to study Herbology, with a dumpy little witch called Professor Sprout, where they learned how to take care of all the strange plants and fungi, and found out what they were used for.;HARRY POTTER AND THE SORCERER'S STONE (book), plants
funny;"смешной; забавный; потешный";adjective;;humorous, ridiculous;;LANGUAGE COURSES, laught and smile
fury;"ярость, гнев; неистовство, бешенство";noun;;anger, rage;;violence
fuss;суетиться, волноваться из-за пустяков;verb;fʌs;;Mrs. Weasley fussed over the state of his socks and tried to force him to eat fourth helpings at every meal.;HARRY POTTER AND THE CHAMBER OF SECRETS (book)
futile;бесполезный, тщетный;adjective;;vain;;
gadfly;"овод; слепень";noun;;;;animals
gain;"1) зарабатывать; 2) получать, добывать, приобретать";verb;;acquire, get, obtain;;
gamut;"гамма; диапазон, спектр (прям. и перен.)";noun;ˈgæmət;;In this listing, you implement the full gamut of data Store configuration.;INFORMATION TECHNOLOGIES
gander;гусак;noun;;;There he goes, the famous old gander who longed to leave.;birds, SONGS
gangling;"нескладный; долговязый (tall and thin)";adjective;;;He was tall, thin, and gangling, with freckles, big hands and feet, and a long nose.;appearance, HARRY POTTER AND THE SORCERER'S STONE (book)
gasp;"дышать с трудом, задыхаться; открывать рот от удивления (to take a short quick breath through the mouth, especially because of surprise, pain or shock)";verb;;;Then, cold, wet, and gasping for breath, they returned to the fire in the Gryffindor common room. | Then the whole crowd gasped.;HARRY POTTER AND THE SORCERER'S STONE (book)
gather;собирать(ся);verb;;accumulate, assemble, collect;;
gauge;"выверять, измерять; оценивать";verb;;assess, estimate;;самые сложные слова, сложные слова
gaunt;"тощий; исхудалый; изможденный";adjective;;scrawny, skeletal, skinny;;appearance
gawk;"смотреть с глупым видом; таращить глаза";verb;;goggle;He didn't even notice how much people were gawking at them on the Underground.;glance, HARRY POTTER AND THE SORCERER'S STONE (book)
gaze;пристально смотреть, вглядываться, пялиться;verb;;stare;;glance
Genesis;Бытие, Книга Бытия;noun;ˈʤenɪsɪs;;;MYSTAGOGY, religion
genuine;"1) истинный, подлинный, настоящий; 2) искренний";adjective;;authentic, candid, frank, honest, sincere;Although genuine workaholics are uncommon, many of us are job addicts without realising it. | Genuine conversation will be driven out by superficial communication, in which the act of contacting one another is all that matters, leading to a deterioration in the quality of relationships. | Most of the unemployed are not work-shy and genuinely do want jobs.;materials, traits, сложные слова
get;"1) доставать, добывать, получать; 2) понимать";verb;;acquire, gain, obtain;;
get at;надоедать, доставать, доканывать (to criticize a person repeatedly in a way that makes them unhappy);phrase;;annoy, irritate, rile;Will you stop getting at me? You're always getting at me!;IT CROWD, phrasal verbs
get on smb.'s nerves;действовать на нервы;phrase;;;That can get on your nerves after a while.;idioms, THE CATCHER IN THE RYE (book)
get on the wrong side of smb.;"настроить кого-л. против себя; разозлить, рассердить кого-л. (разг.)";phrase;;;If you get on the wrong side of Miss Trunchbull she can liquidize you like a carrot in a kitchen blender.;education, LANGUAGE COURSES
get over;понять, довести до сознания;phrase;;;I can't get over how happy it seems. | The world was full of people who could not get over things.;phrasal verbs, REPEATING
get the ax;"быть уволенным; вылететь с работы";phrase;;;;idioms, THE CATCHER IN THE RYE (book), work, самые сложные слова
get the best out of smb.;to make someone perform or behave to the best of their abilities (in a very good manner);phrase;;;He was enthusiastic - cunning Burlingham, who knew so well how to get the best out of everyone!;LANGUAGE COURSES, work
get upset about smth.;расстраиваться, огорчаться по поводу чего-л.;phrase;;;Don't get upset about the dress - there's only a little stain on it.;LANGUAGE COURSES
ghoul;вампир, вурдалак;noun;guːl;;But all we've got is a lousy old ghoul in the attic and gnomes all over the garden.;HARRY POTTER AND THE CHAMBER OF SECRETS (book), mythology
gibber;"говорить быстро, невнятно, бессвязно, непонятно; тараторить";verb;ˈʤɪbə;chatter, maunder;"""Stop gibbering,"" said Ron. ""We've come to take you home with us.""";HARRY POTTER AND THE CHAMBER OF SECRETS (book), sounds
giggle;хихикать (laugh nervously);verb;;chortle, chuckle, snigger;He shouted down to the policeman to do it again, then sighed when he saw the officer giggling throughout the frisk.;laught and smile, THE CATCHER IN THE RYE (book)
gild;золотить;verb;;;Perhaps the sun is gilding now the pinnacles and domes of the city.;REPEATING
gingerly;"осторожно, осмотрительно; робко";adverb;ˈʤɪnʤ(ə)lɪ;;Dizzy and bruised, covered in soot, he got gingerly to his feet, holding his broken glasses up to his eyes.;HARRY POTTER AND THE CHAMBER OF SECRETS (book)
git;мерзавец;noun;gɪt;;"Harry and Ron were delighted to hear Hagrid call Fitch ""that old git"".";HARRY POTTER AND THE SORCERER'S STONE (book), odd people
give away;"1) отдавать; дарить, раздавать; 2) выдавать секрет; проговориться";phrase;;betray, tell on smb.;People cook food and give away blankets. It is really silly.;phrasal verbs, VOA
give smb. a black eye;дать кому-л. в глаз;phrase;;;And I gave Malfoy a black eye, and Neville tried to take on Crabbe and Goyle single handed!;HARRY POTTER AND THE SORCERER'S STONE (book), idioms
give smb. a hand;оказать помощь;phrase;;;This is too difficult for me. Can you give me a hand?;education, idioms, LANGUAGE COURSES
give vent to one's feelings;"отвести душу; дать свободу чувствам";phrase;;;The meeting will be an opportunity for everyone to give vent to their feelings. | When her boss left she gave vent to her feelings and burst out crying.;LANGUAGE COURSES, relationship, work
give way;"отступать; уступать; сдаваться";phrase;;yield;Harry followed Fred and George out of the locker room and, hoping his knees weren't going to give way, walked onto the field to loud cheers. | London was soon far behind them, replaced by neat green fields that gave way in turn to wide, purplish moors, a great city alive with cars like multicolored ants, villages with tiny toy churches.[Лондон очень скоро оказался далеко позади и сменился зелеными полями, уступившими, в свою очередь, место широким красноватым болотам, затем большому городу, кишевшему разноцветными муравьями-автомобильчиками, потом деревням с игрушечными церквями.];HARRY POTTER AND THE SORCERER'S STONE (book), phrasal verbs
glad;"довольный; радостный, веселый; счастливый";adjective;;buoyant, cheerful, happy, jolly, joyful, merry;;
glade;"просека; поляна";noun;;clearing;;
glance;"бросить взгляд; взглянуть мельком (take a brief look at)";verb;;peek;"""Who'd be writing to you?"" sneered Uncle Vernon, shaking the letter open with one hand and glancing at it.";glance
glaring;слишком яркий, ослепительный, кричащий (о цвете);adjective;;;It was chalk white with glaring red eyes and slits for nostrils, like a snake.;HARRY POTTER AND THE SORCERER'S STONE (book)
glaze;"1) вставлять стекла; застеклять; 2) покрывать глазурью";verb;;;We had to glaze the showcases recently because somebody had broken them.;LANGUAGE COURSES, materials
gleam;светиться, мерцать, поблескивать;verb;;glint, glisten, glister, glitter, shine;He shook his fist angrily at the gleaming eyes and began securely to prop his moccasins before the fire. | Something fluid and silvery gray went slithering to the floor where it lay in gleaming folds. | The sky was quite clear now and the sea gleamed in the sunlight.;shine
glee;"веселье; ликование (часто с оттенком злорадства)";noun;;;Harry had difficulty hiding his glee as he handed the note to Ron to read.;HARRY POTTER AND THE SORCERER'S STONE (book)
glint;"вспыхивать; сверкать, блестеть; ярко блестеть (в том числе о взгляде)";verb;;gleam, glisten, glister, glitter, shine;His face was almost completely hidden by a long, shaggy mane of hair and a wild, tangled beard, but you could make out his eyes, glinting like black beetles under all the hair.;glance, shine
glisten;блестеть, сверкать, искриться, сиять;verb;;gleam, glint, glister, glitter, shine;Their flanks, wet with the dew from sweet-smelling leaves, glistened in the morning sun.;shine
glister;(устар.) блестеть, сверкать, искриться, сиять;verb;;gleam, glint, glisten, glitter, shine;;shine
glitter;блестеть, блистать, сверкать;verb;;gleam, glint, glisten, glister, shine;Malfoy thrust Ginny's old Transfiguration book at her, his eyes glittering with malice. | These tables were laid with glittering golden plates and goblets.;shine
gloatingly;"злорадно; со злорадством";adverb;;;Malfoy's eagle owl was always bringing him packages of sweets from home, which he opened gloatingly at the Slytherin table.;HARRY POTTER AND THE SORCERER'S STONE (book)
glob;"шарик; капля (a compact mass)";noun;;chunk;It wasn't too cold, but the sun still wasn't out, and there didn't look like there was anything in the park except dog crap and globs of spit and cigar butts from old men, and the benches all looked like they'd be wet if you sat down on them.;THE CATCHER IN THE RYE (book)
gloomy;"1) тёмный, мрачный; 2) угрюмый, печальный; удручающий; приводящий в уныние, наводящий тоску";adjective;;blue, cheerless, dingy, dreary, glum, grim, melancholy, mournful, sombre, sulky;The cemetery is a gloomy place. | We waited in a gloomy waiting-room.;
glorious;"великолепный; прекрасный; чудесный; восхитительный";adjective;;magnificent, splendid;;appearance
glow;светиться, сверкать, озарять;verb;;beam, shine;A few embers were still glowing in the fireplace, turning all the armchairs into curved black shadows.;HARRY POTTER AND THE SORCERER'S STONE (book), shine
glum;"мрачный; угрюмый; хмурый (disappointed or unhappy, and quiet)";adjective;;blue, cheerless, dreary, gloomy, melancholy, mournful, sombre;Dumbledore nodded glumly. | You look glum. What's up?;appearance, HARRY POTTER AND THE SORCERER'S STONE (book)
goal;"1) цель; задача; место назначения; 2) ворота, гол";noun;;aim, end, objective, purpose, target;"She suffers from low self-esteem and it prevents her from pursuing her goals. | The obligation to be in a particular place at a particular time, working as part of a team towards a common goal, gives us a sense of structure and purpose that we find difficult to impose on ourselves. | ""Three Chasers try and score with the Quaffle; the Keeper guards the goal posts; the Beaters keep the Bludgers away from their team,"" Harry reeled off. | What a feeling - he swooped in and out of the goal posts and then sped up and down the field.";
goat;"козел; коза";noun;;;;animals
go bankrupt;обанкротиться;phrase;ˈbæŋkrʌpt;;And third, he wants to change the bankruptcy laws to make it easier for people who go bankrupt to at least keep their homes.;LANGUAGE COURSES, work
goblet;"бокал; кубок";noun;;;These tables were laid with glittering golden plates and goblets.;HARRY POTTER AND THE SORCERER'S STONE (book), tableware
goddam;"проклятый; чертовский (ругат.)";adjective;;blasted, flipping, helluva;I didn't know then that the goddam hotel was full of perverts and morons. | I was the goddam manager of the fencing team. | Then I tried to sock him, with all my might, right smack in the toothbrush, so it would split his goddam throat open. | They're always leaving their goddam bags out in the middle of the aisle.;swearword, THE CATCHER IN THE RYE (book)
go down;"спускаться, опускаться; тонуть; снижаться, падать";phrase;;drop, fall, sink;;phrasal verbs
goggle;"выпучить глаза; таращить глаза";verb;;gawk;You've already seen him, Ginny, and the poor boy isn't something you goggle at in a zoo.;glance, HARRY POTTER AND THE SORCERER'S STONE (book)
goner;конченый человек;noun;;;With a guy like Ackley, if you looked up from your book you were a goner.;odd people, THE CATCHER IN THE RYE (book)
good-looking;красивый;adjective;;beautiful, bonny, handsome, pretty;;appearance
go off;"выстреливать (об оружии), взрываться (о взрывчатке); выпалить";phrase;;fire;Ever since Harry had come home for the summer holidays, Uncle Vernon had been treating him like a bomb that might go off at any moment.;arms, HARRY POTTER AND THE CHAMBER OF SECRETS (book), phrasal verbs
go on;"1) длиться; 2) продолжать(ся)";phrase;;carry on, continue, keep on, proceed;It's important to dissect what's going on, which will require us to do a little math.;phrasal verbs
go on leave;уходить в отпуск;phrase;;;Mike went on leave two weeks ago.;LANGUAGE COURSES, work
go out with smb.;проводить время, встречаться (с другом, подругой);phrase;;;You know I'm going out with Kevin. It's nearly six months since I split up with Max.;LANGUAGE COURSES, phrasal verbs, relationship
gorgeous;"1) ярко окрашенный; 2) ослепительно красивый; прекрасный";adjective;ˈgɔːrʤəs;beautiful;He was combing his gorgeous locks.;appearance, THE CATCHER IN THE RYE (book)
gory;окровавленный;adjective;;;I didn't want a bunch of stupid rubbernecks looking at me when I was all gory.;THE CATCHER IN THE RYE (book)
govern;"править, управлять, руководить; владеть (to control and direct the public business of a country, city, group of people, etc)";verb;ˈgʌvərn;control, manage, rule;The country is now being governed by the Labour Party.;work
grab;схватывать, захватывать, прихватывать;verb;;grasp, grip, seize, snatch;Neville suddenly let out a frightened squeak and broke into a run - he tripped, grabbed Ron around the waist, and the pair of them toppled right into a suit of armor.;
grade;"1) стадия, этап; 2) степень, ранг, класс; 3) класс (год обучения в школе); 4) отметка, оценка";noun;;;68 percent of children who responded to DoCoMo survey and owned a mobile phone said they got poor grades at school. | Jackie is in the sixth grade.;education, LANGUAGE COURSES
gradually;"постепенно; мало-помалу; понемногу";adverb;;;I cut out going there entirely, gradually.;THE CATCHER IN THE RYE (book)
graduate;окончить учебное заведение (to obtain a degree from a college or university);verb;;;He graduated in physics from Cambridge University last year.;education, LANGUAGE COURSES
grandstand;трибуна, места для зрителей;noun;;;;THE CATCHER IN THE RYE (book)
grasp;схватывать, захватывать, зажимать;verb;;grab, grip, seize, snatch;He grasped it and devoured it mechanically. | He leaned forward and grasped the broom tightly in both hands, and it shot toward Malfay like a javelin.;
gratification;"удовлетворение; наслаждение, удовольствие";noun;;delight, enjoyment, pleasure, treat;;
gravy;"соус; подливка мясная";noun;;;"A hundred fat, roast turkeys; mountains of roast and boiled potatoes; platters of chipolatas; tureens of buttered peas, silver boats of thick, rich gravy and cranberry sauce - and stacks of wizard crackers every few feet along the table.";HARRY POTTER AND THE SORCERER'S STONE (book), meal
greasy;"сальный; засаленный; жирный";adjective;;;Professor Quirrell, in his absurd turban, was talking to a teacher with greasy black hair, a hooked nose, and sallow skin.;HARRY POTTER AND THE SORCERER'S STONE (book)
greenery;"зелень; растительность";noun;;;Here is a nice tutorial on how to make an evergreen arrangement using juniper or cedar greenery.;plants
grim;"1) грозный, зловещий, мрачный, страшный; 2) страшный, ужасный (о боли, болезни)";adjective;;blue, dingy, dreary, gloomy;Neville couldn't understand why they looked so grim and worried, or why they had both brought their wands to the match.;fear, HARRY POTTER AND THE SORCERER'S STONE (book), medicine
grin;"оскал; усмешка";noun;;;A toothless old man came ambling up to them, pointing, with a rather wicked grin, at an old rowboat bobbing in the iron-gray water below them. | The newscaster allowed himself a grin.;HARRY POTTER AND THE SORCERER'S STONE (book), laught and smile
grind;"тяжёлая, однообразная, скучная работа (деятельность); скучное задание (a difficult or boring activity which needs a lot of effort)";noun;graɪnd;;The daily grind of looking after three children was wearing her down.;LANGUAGE COURSES, work
grind one's teeth;скрежетать, скрипеть зубами;phrase;graɪnd;;"""I'll get him,"" said Ron, grinding his teeth at Malfoy's back.";HARRY POTTER AND THE SORCERER'S STONE (book)
grip;схватить, сжимать, захватывать;verb;;grab, grasp, seize, snatch;;
groan;"стонать, охать, кряхтеть; выражать недовольство";verb;;moan;moan and groan[разохаться];sounds
grope;искать, нащупывать;verb;;;Harry groped for the doorknob - between Filch and death, he'd take Filch.;HARRY POTTER AND THE SORCERER'S STONE (book)
growl;"рычать; ворчать; греметь (to utter or emit low dull rumbling sounds)";verb;;grumble, rumble;His mother, coming home, growled as she smelt the wolverine's track, and bounded into the cave and licked and nozzled him with undue vehemence of affection.;animals, sounds
grow up;"созревать; становиться взрослым; взрослеть";phrase;;;But you know Tim really looks up to his father. He always has, right from when we were kids and while we were growing up.;LANGUAGE COURSES, phrasal verbs, relationship
grubby;"1) неопрятный; грязный (thickly covered with ingrained dirt or soot); 2) пораженный личинками";adjective;;dirty, unclean;Jill and Eustace, now both very hot and very grubby from going along bent almost double under the laurels, panted up to the wall. | Then he noticed a grubby little package wrapped up in brown paper lying on the floor.;appearance, HARRY POTTER AND THE SORCERER'S STONE (book)
grudge;"недовольство; злоба; зависть; обида";noun;;;Can you think of anyone at school with a grudge against you?;HARRY POTTER AND THE CHAMBER OF SECRETS (book)
gruff;"1) резкий; сердитый; грубый; 2) хриплый";adjective;;hoarse;As he looked at Dudley in his new knickerbockers, Uncle Vernon said gruffly that it was the proudest moment of his life.;HARRY POTTER AND THE SORCERER'S STONE (book)
grumble;"1) ворчать, жаловаться; 2) рычать, греметь, грохотать (о громе, барабанах)";verb;;growl, rumble, scold;Yawning and grumbling, the Weasleys slouched outside with Harry behind them.;HARRY POTTER AND THE CHAMBER OF SECRETS (book), sounds
grunt;"хрюкать; ворчать";verb;;;He wouldn't answer him, but he didn't have guts enough not to at least grunt. | Uncle Vernon grunted to show he was listening.;animals, sounds, THE CATCHER IN THE RYE (book)
gulp;"глоток; глотание";noun;;swallow;He drained the little bottle in one gulp. | The giant took a gulp of tea and wiped his mouth with the back of his hand.;HARRY POTTER AND THE SORCERER'S STONE (book)
gum;десна;noun;;;He revealed red gums and the smooth, ivory daggers of his teeth.;REPEATING
guts;"1) внутренности, кишки; 2) существенная часть чего-л.; 3) сила воли, мужество; характер";noun;;;He is a man with guts.[Он человек с характером.] | He wouldn't answer him, but he didn't have guts enough not to at least grunt. | Only, I wouldn't have the guts to do it.;THE CATCHER IN THE RYE (book)
guttural;"гортанный; горловой";adjective;;;To their ears came the sounds of dogs wrangling and scuffling, the guttural cries of men, the sharper voices of scolding women.;WHITE FANG (book)
hag;"ведьма; колдунья";noun;;;;HARRY POTTER AND THE SORCERER'S STONE (book), mythology
halitosis;дурной запах изо рта;noun;;;That guy had just about everything: sinus trouble, pimples, lousy teeth, halitosis, crumby fingernails.;THE CATCHER IN THE RYE (book), самые сложные слова
hamper;мешать, препятствовать, затруднять;verb;;baffle;;самые сложные слова
handful;кто-л. или что-л., создающий проблему, трудности (a person, often a child, who is difficult to control);noun;;;Her older son is fine but the little one is a bit of a handful. | Not that they are all nice - some of the guests are a real handful!;LANGUAGE COURSES
hand in one's notice;подать заявление об увольнении (to tell your employer that you intend to leave your job after a particular period of time);phrase;;;I handed in my notice yesterday.;LANGUAGE COURSES, work
hand out;выдавать, раздавать бесплатно;phrase;;;Miss Honey handed out a brand-new exercise-book to each pupil.;education, LANGUAGE COURSES, phrasal verbs
handsome;"красивый; благообразный; статный";adjective;;beautiful, bonny, good-looking, pretty;You take a very handsome guy, or a guy that thinks he's a real hot-shot, and they're always asking you to do them a big favor.;appearance
hang around;"слоняться; шляться; бродить вокруг; держаться неподалеку";phrase;;linger, loiter, lounge;Hanging around like this, people will think you're up to something. | You hang around with riffraff like the Weasleys and that Hagrid, and it'll rub off on you.;HARRY POTTER AND THE SORCERER'S STONE (book), moving (verbs), phrasal verbs
hanger;вешалка;noun;;;He hung it up on a hanger and put it in the closet.;THE CATCHER IN THE RYE (book)
hanger-on;"1) нахлебник, иждивенец; 2) навязчивый поклонник; постоянный спутник";noun;;;It was the voice of Edith Jackle, not one of Them herself but one of their hangers-on and talebearers.;odd people, THE SILVER CHAIR (book) 
hang-glider;дельтаплан;noun;;;Even Ron would tell anyone who'd listen about the time he'd almost hit a hang-glider on Charlie's old broom.;HARRY POTTER AND THE SORCERER'S STONE (book)
hangnail;заусеница;noun;;;I got this hangnail I want to cut off.;THE CATCHER IN THE RYE (book)
hang on;"уцепиться; прицепиться; повиснуть";phrase;;;Neville was hanging on to her every word, desperate for anything that might help him hang on to his broomstick later.;HARRY POTTER AND THE SORCERER'S STONE (book), phrasal verbs
happy;"счастливый, довольный; веселый";adjective;;buoyant, cheerful, glad, jolly, joyful, merry;He had just thought of something that made him feel as though the happy balloon inside him had got a puncture.;
harass;беспокоить, волновать, изводить, тревожить (annoy continually or chronically);verb;ˈhærəs;;"A harassed looking wizard stood at the door, saying, ""Calmly, please, ladies... Don't push, there... mind the books, now...""";HARRY POTTER AND THE CHAMBER OF SECRETS (book)
hardly;"едва; с трудом; вряд ли";adverb;;scarcely;He's a terrific snob and he won't hardly even talk to you unless you're a big shot or a celebrity or something, but he can really play the piano.;
harm;вред, ущерб;noun;;damage, hurt, injury;;violence
harp;"1) арфа; 2) губная гармоника";noun;hɑːp;;"""Looks like a harp,"" said Ron.";HARRY POTTER AND THE SORCERER'S STONE (book)
hasten;спешить, торопить(ся);verb;;be in a hurry, hurry;;moving (verbs)
hate;ненавидеть;verb;;detest, hate smb.'s guts, loathe;;disgust
hate smb.'s guts;to dislike someone very much;phrase;;hate;He hated Stradlater's guts and he never came in the room if Stradlater was around. | He stuck around till around dinnertime, talking about all the guys at Pencey that he hated their guts, and squeezing this big pimple on his chin.;disgust, THE CATCHER IN THE RYE (book)
haunt;"мучить; не давать покоя (о мыслях и т. п.)";verb;hɔːnt;;Your face it haunts my once pleasant dreams, your voice it chased away all the sanity in me.[Твоё лицо преследует меня в моих когда-то прекрасных снах, а твой голос лишил меня разума.];SONGS
have a hand in smth.;участвовать в чём-л. (to be involved in something);phrase;;;The party was basically Kim's idea but I think Lisa had a hand in it too.;idioms, REPEATING
have a hunch;подозревать, догадываться;phrase;;;I have a hunch that something is going wrong.;LANGUAGE COURSES
have a lot in common;иметь много общего;phrase;;;And, from what I've seen, you have a lot in common with the founders of our Company.;LANGUAGE COURSES, relationship
have an eye for smth.;"1) обладать наблюдательностью; иметь зоркий глаз; 2) быть знатоком чего-л.; уметь разбираться в чем-л.";phrase;;;Do you have an eye for detail? | She certainly had an eye for art, which explains, of course, why she was a successful art dealer.;idioms, LANGUAGE COURSES, work
have a thing for smth.;иметь бзик, пунктик, сильное необъяснимое чувство по отношению к (чему-то/кому-то);phrase;;;I had a thing for space ships and futuristic cities for some reason!;idioms, LANGUAGE COURSES
have a word with smb.;переговорить с кем-л. (to speak with someone privately to tell them something);phrase;;;I don't think she's interested but I'll have a word with her.;idioms, LANGUAGE COURSES
have smth. up one's sleeve;to have a secret or surprise plan or solution (to a problem);phrase;;;Do you have anything up your sleeve?[Ты что-нибудь придумал?];idioms, REPEATING
headgear;головной убор;noun;ˈhedgɪə;;When riding a bicycle, you should wear the proper headgear.;clothes, LANGUAGE COURSES
headline;"заголовок; новости одной строкой";noun;;;"John Horgan wanted to use this headline 20 years ago, but the editor didn't let him. Now that editor is gone, so Horgan let the cat out of the bag: ""Pssst! Don't tell the creationists, but scientists don't have a clue how life began.""";INTERNET
headstrong;настойчивый, своевольный, упрямый, упорный;adjective;;;"The monastery's elders, however, did not forsake the headstrong novice in his foolishness; they continued to keep an eye on him and to pray for him.";MYSTAGOGY, traits
heartache;"душевная боль; страдание";noun;ˈhɑːtˌeɪk;;Only the heartaches remain, I'll do my crying in the rain.[В моём сердце осталась только боль, я буду плакать под дождем. ];SONGS
heave;"поднимать; перемещать (to move something heavy using a lot of effort)";verb;hiːv;;They tugged and heaved at the door, but it wouldn't budge, not even when Hermione tried her Alohomora charm.;HARRY POTTER AND THE SORCERER'S STONE (book)
hectic;"беспокойный (full of activity; very busy and fast)";adjective;;;I know that your job is quite hectic so you should try to relax more at home.;LANGUAGE COURSES
heel;"1) пятка; пята; 2) каблук";noun;;;He turned on his heel and with a swish of his cloak, he was gone.;
heinous;гнусный, отвратительный, плохой (extremely wicked, deeply criminal);adjective;;vile, wicked;;violence, сложные слова
helluva;"адский; чертовский (ругат.)";adjective;;blasted, flipping, goddam;I was still feeling sort of dizzy or something, and I had a helluva headache all of a sudden.;swearword, THE CATCHER IN THE RYE (book)
helping;"1) поддержка, помощь; 2) порция (еды)";noun;;;Mrs. Weasley fussed over the state of his socks and tried to force him to eat fourth helpings at every meal.;HARRY POTTER AND THE CHAMBER OF SECRETS (book), meal
hem;подогнутый и подшитый край одежды;noun;;;Reaching Snape, she crouched down, pulled out her wand, and whispered a few, well-chosen words. Bright blue flames shot from her wand onto the hem of Snape's robes.;clothes, HARRY POTTER AND THE SORCERER'S STONE (book)
hem and haw;"запинаться; мямлить; колебаться";phrase;;hesitate;I said it fast as hell, because if you hem and haw, they think you're under twenty-one and won't sell you any intoxicating liquor.;idioms, THE CATCHER IN THE RYE (book)
hemorrhage;кровоизлияние, кровотечение;noun;;;My parents would have about two hemorrhages apiece if I told anything pretty personal about them.;medicine, THE CATCHER IN THE RYE (book)
henna;хна;noun;;;She was a thin woman with a rather long face and braided hair in which she had rubbed copious quantities of henna.;appearance, LANGUAGE COURSES, plants
herd;"1) стадо; табун; 2) толпа (a crowd especially of ordinary or undistinguished persons or things)";noun;;crowd;;animals
heresy;ересь;noun;ˈherəsɪ;;After the Emperor failed to persuade Basil to deny his heresy and accept Orthodoxy, he had him burned to death in front of numerous spectators in the Hippodrome.;MYSTAGOGY, religion
herring;сельдь;noun;;;;fish, REPEATING
hesitate;колебаться;verb;;hem and haw;He didn't hesitate to horn in on my date, the bastard.;
hide;прятать, скрывать, утаивать, укрывать;verb;;conceal;Harry had difficulty hiding his glee as he handed the note to Ron to read.;
high street;главная, центральная улица;noun;;;According to him, we now have identical high streets worldwide, local cultures have been eroded and national identities have all but disappeared. | Is every high street in the world doomed to be the same?;LANGUAGE COURSES
hilarious;весёлый, шумный, оживлённый (extremely funny and causing a lot of laughter);adjective;hɪˈlɜərɪəs;;I said why we don't go out with the I.T. guys more often? You're hilarious! - Yes, we are!;IT CROWD, traits
hire;"1) нанимать; 2) брать напрокат; 3) сдавать внаем";verb;;employ, engage, rent;;work
hiss;"шипеть; свистеть";verb;;sizzle;As Harry stepped forward, whispers suddenly broke out like little hissing fires all over the hall. | Harry hissed at her to be quiet and beckoned them all forward.;animals, HARRY POTTER AND THE SORCERER'S STONE (book), sounds
hit;ударять, бить;verb;;strike;The driver swerved to avoid hitting the dog. | They also carried knobbly sticks, used for hitting each other while the teachers weren't looking.;striking (verbs)
hitch up;"подтягивать; натягивать (to pull something, especially trousers or a skirt, upwards to a slightly higher position)";phrase;;;Dudley hitched up his trousers, which were slipping down his fat bottom.;clothes, HARRY POTTER AND THE CHAMBER OF SECRETS (book), phrasal verbs
hit it off;иметь хорошие отношения с кем-л. (to like someone and become friendly immediately);phrase;;click;"Did you and her... hit it off? - Define ""hit it off""? - Did she continue talking to you once you'd fixed her computer? - No... And while I was working on it, she rested a cup on my back.";idioms, IT CROWD, relationship
hit the ceiling;"взбеситься; психануть";phrase;;;I mean he didn't hit the ceiling or anything.;idioms, THE CATCHER IN THE RYE (book)
hit the nail on the head;"to be absolutely right; to describe exactly what is causing a situation or problem";phrase;;;I think Mick hit the nail on the head when he said that what's lacking from this company is a feeling of confidence.;idioms, LANGUAGE COURSES
hoarse;"охрипший; хриплый";adjective;;gruff;;
hoist;поднимать;verb;;elevate, lift, raise;;сложные слова
hold smb. up;задерживать кого-либо;phrase;;delay;"Dudley was sniffling in the back seat; his father had hit him round the head for holding them up while he tried to pack his television, VCR, and computer in his sports bag.";HARRY POTTER AND THE SORCERER'S STONE (book), phrasal verbs
hold with;"соглашаться; одобрять";phrase;;;They were the last people you'd expect to be involved in anything strange or mysterious, because they just didn't hold with such nonsense.;HARRY POTTER AND THE SORCERER'S STONE (book), phrasal verbs
holly;"остролист; падуб";noun;;;The hall looked spectacular. Festoons of holly and mistletoe hung all around the walls.;HARRY POTTER AND THE SORCERER'S STONE (book), plants
honest;"1) честный; 2) правдивый, искренний";adjective;;fair, genuine, sincere;;traits
honeymoon;медовый месяц;noun;ˈhʌnɪmuːn;;Where are you going on your honeymoon?;LANGUAGE COURSES
honk;"1) гоготание, крик диких гусей; 2) автомобильный гудок";noun;;;I longed to hear their 'honk'.;birds, REPEATING, sounds
hoodwink;обманывать, приобретать хитростью;verb;;cheat, chisel, defraud, swindle;;fraud
hoot;ухать (utter the characteristic sound of owls);verb;;;Owls hooted to one another in a disgruntled sort of way over the babble and the scraping of heavy trunks.;birds, HARRY POTTER AND THE SORCERER'S STONE (book), sounds
hoover;пылесос;noun;;;;LANGUAGE COURSES
hop;прыжок, скачок;noun;;bound, frisk, jump, leap, skip, spring;;
hopefully;"надо надеяться; будем надеяться";adverb;ˈhəʊpf(ə)lɪ;;Hopefully, listeners will enjoy hearing about this topic.;LANGUAGE COURSES
horizon;горизонт;noun;həˈraɪzən;;We could see a row of camels appeared on the horizon.;LANGUAGE COURSES
horn in;"вмешиваться; соваться";phrase;;meddle, poke;He didn't hesitate to horn in on my date, the bastard.;phrasal verbs, THE CATCHER IN THE RYE (book), самые сложные слова
horrify;"ужасать; шокировать (fill with apprehension or alarm; shock someone very much)";verb;;frighten, scare, terrify;This news will horrify my parents.;fear, violence
horror;"отвращение, ужас; приступ страха";noun;;awe, dread, fear, fright, terror;;fear, violence
horse around;"возиться; шуметь; дурачиться";phrase;;;Sometimes I horse around quite a lot, just to keep from getting bored.;phrasal verbs, THE CATCHER IN THE RYE (book)
hostile;враждебный, вражеский;adjective;;;Because it was unknown, it was hostile to him. | to carry on hostile acts[совершать враждебные действия];WHITE FANG (book)
hotshot;"энергичный; пробивной";adjective;;;They advertise in about a thousand magazines, always showing some hotshot guy on a horse jumping over a fence.;odd people, THE CATCHER IN THE RYE (book), traits
household name;знаменитость (a famous person that most people know of);noun;;;"The previously unknown actors who play the main characters are now international household names and multi-millionaires. | ""We're going to be a household name in 90 days,"" Carney said.";films, LANGUAGE COURSES
howl;"1) выть, завывать, стонать (emit long loud cries); 2) плакать, рыдать, реветь (о ребёнке)";verb;;roar, wail;Howling with pain, the troll twisted and flailed its club, with Harry clinging on for dear life.;animals, sounds
huddle;"куча; груда; толпа (a disorganized and densely packed crowd)";noun;;crowd;He drummed his fingers on the steering wheel and his eyes fell on a huddle of these weirdos standing quite close by.;HARRY POTTER AND THE SORCERER'S STONE (book)
hug;"обнимать; крепко обнимать, сжимать в объятиях";verb;;clasp, embrace;;relationship
huge;огромный, громадный, гигантский;adjective;;immense;Harry, who could see a huge Dudley tantrum coming on, began wolfing down his bacon as fast as possible in case Dudley turned the table over.;
hum;"1) жужжать; 2) напевать с закрытым ртом";verb;;;He was humming merrily as he stoked the fire. | Mr. Dursley hummed as he picked out his most boring tie for work.;HARRY POTTER AND THE SORCERER'S STONE (book), sounds
humble;скромный;adjective;;modest;The mark of the immature man is that he wants to die nobly for a cause, while the mark of the mature man is that he wants to live humbly for one.;traits, сложные слова
humid;сырой, влажный;adjective;;damp, moist, soaked, soggy, wet;;
humility;повиновение, подчинение, покорность, смирение;noun;;;Zeal, however, must be accompanied by a profound sobriety and humility.;MYSTAGOGY, religion
humorous;"1) юмористический; комический; 2) смешной; забавный";adjective;;funny, ridiculous;;LANGUAGE COURSES, laught and smile
hunger;голод, голодуха, голодание;noun;;famine, starvation;;
hunk;"толстый кусок; ломоть";noun;;chunk;He got up and got another hunk of ice and put it in his drink, then he sat down again. | I noticed she had this big hunk of adhesive tape on her elbow. | We found a tin plate and fork, by the big camp-fire, and wrapped in a piece of canvas in a spruce was a hunk of bacon.;THE CATCHER IN THE RYE (book), самые сложные слова
hurl;бросать, швырять, метать;verb;;cast, chuck, fling, pitch, throw, toss;He seized brands from the fire and hurled them into the pack.;самые сложные слова
hurry;"торопить(ся); подгонять";verb;;be in a hurry, hasten;;moving (verbs)
hurt;"вред, ущерб; повреждение, рана";noun;;damage, harm, injury;;violence
hurtle;"двигаться с шумом; нестись с шумом, грохотом ";verb;;;They ripped through a tapestry and found themselves in a hidden passageway, hurtled along it and came out near their Charms classroom.;HARRY POTTER AND THE SORCERER'S STONE (book), moving (verbs)
hush;"водворять тишину; успокаивать; баюкать";verb;;;"He couldn't know that at this very moment, people meeting in secret all over the country were holding up their glasses and saying in hushed voices: ""To Harry Potter - the boy who lived!""";HARRY POTTER AND THE SORCERER'S STONE (book)
hut;"хижина; лачуга; хибарка";noun;;shack;Spray from the high waves splattered the walls of the hut and a fierce wind rattled the filthy windows. | The smell of ripe fruit mingled with the laughter of women in their huts.;HARRY POTTER AND THE SORCERER'S STONE (book)
idle;"1) незанятый, неработающий; бездействующий; 2) ленивый";adjective;;lazy;;traits
ignite;воспламенять, зажигать;verb;ɪgˈnaɪt;fire;He succeeded in igniting match against the damp wall.;picnic, REPEATING
ignorant;"невежественный; невоспитанный";adjective;;;They didn't invite me to sit down at their table - mostly because they were too ignorant - but I sat down anyway.;THE CATCHER IN THE RYE (book), traits
immense;"огромный, громадный; безмерный, необъятный, бескрайний";adjective;;huge;;
immerse;"1) погружаться, уходить с головой (to become completely involved in something); 2) опускать, погружать, окунать (to put something or someone completely under the surface of a liquid)";verb;ɪˈmɜːs;dip, plunge;They found Percy, deeply immersed in a small and deeply boring book called Prefects Who Gained Power.;HARRY POTTER AND THE CHAMBER OF SECRETS (book)
immodest;"нескромный, неприличный; наглый, бесстыдный";adjective;;brassy, impudent;;traits, сложные слова
imperative;"срочный; обязательный";adjective;ɪmˈperətɪv;urgent;;самые сложные слова, сложные слова
implement;"выполнять; осуществлять; претворять";verb;;carry out;;INFORMATION TECHNOLOGIES
implicate;вовлекать, впутывать, вмешивать;verb;;involve;;сложные слова
implicit;"подразумеваемый; неявный";adjective;;;All partitions, except the first, have an implicit lower bound specified by the previous partition.;INFORMATION TECHNOLOGIES
important;"важный; значительный; существенный";adjective;;considerable, crucial, significant;;
impose on;навязывать;phrase;;;The obligation to be in a particular place at a particular time, working as part of a team towards a common goal, gives us a sense of structure and purpose that we find difficult to impose on ourselves.;LANGUAGE COURSES, phrasal verbs, work
imposter;"1) самозванец; человек, выдающий себя за другое лицо; 2) жулик, мошенник, обманщик, плут";noun;ɪmˈpɔstə;crook;He felt like an imposter among all those intelligent people, as if he had no right to be there.;fraud, LANGUAGE COURSES, odd people
impudent;"бесстыдный, бесстыжий; наглый, нахальный";adjective;;brassy, immodest;to grow impudent[обнаглеть];сложные слова
in a matter of seconds;в считанные секунды;phrase;;;In a matter of seconds, the two boys felt it loosening its grip as it cringed away from the light and warmth.;HARRY POTTER AND THE SORCERER'S STONE (book)
inane;"глупый; пустой; бессмысленный (devoid of intelligence)";adjective;;foolish;Must we go on with this inane conversation?;
in a nutshell;короче говоря (using as few words as possible);phrase;;;Well, to put it in a nutshell, we're lost.;idioms, LANGUAGE COURSES
incinerate;"сжигать; превращать в пепел, испепелять";verb;ɪnˈsɪn(ə)reɪt;;Citizens of the European Union currently produce 6.5 million tonnes of electronic waste a year, most of which ends up in landfill sites or is incinerated. A mere 10% is recycled.;LANGUAGE COURSES, pollution
include;включать, заключать, содержать в себе;verb;;comprise, contain;;
incomprehensible;малопонятный, непонятный, непостижимый;adjective;;;But to their nostrils came the myriad smells of an Indian camp, carrying a story that was largely incomprehensible to One Eye, but every detail of which the she-wolf knew.;WHITE FANG (book), сложные слова
incorporate;"1) соединяться, объединяться; смешиваться; 2) включать в (состав чего-л.)";verb;ɪnˈkɔːrpəˌreɪt;;We shall try to incorporate some of your ideas into our future plans.[Мы попытаемся включить некоторые ваши идеи в наши планы.];LANGUAGE COURSES
incredulous;недоверчивый, скептический;adjective;;;"""Aren't you finished yet?"" called Ron incredulously.";HARRY POTTER AND THE CHAMBER OF SECRETS (book), traits
incur;"подвергаться (чему-л.); навлекать на себя";verb;ɪnˈkɜː;;Although newer browsers with optimizing JavaScript engines perform this task well, older browsers incur a performance penalty with each additional step into the prototype chain.;INFORMATION TECHNOLOGIES
in detail;"1) подробно, обстоятельно; 2) в деталях, детально";adverb;;;We haven't discussed the matter in detail yet.;LANGUAGE COURSES
indifferent;"безразличный; равнодушный; индифферентный";adjective;;listless, nonchalant;;traits
indignant;негодующий, возмущённый;adjective;;;"""So you don't think I'm a match for Lucius Malfoy?"" said Mr. Weasley indignantly, but he was distracted almost at once by the sight of Hermione's parents. | ""Your offer insults my government,"" was the indignant answer. ";HARRY POTTER AND THE CHAMBER OF SECRETS (book), REPEATING
inevitable;неизбежный, неминуемый, неотвратимый;adjective;;;Similarly you may explain the order in the universe by saying that all things, even the souls of men, are leaves inevitably unfolding on a utterly unconscious tree - the blind destiny of matter. | The accident was the inevitable consequence of carelessness.;LANGUAGE COURSES, (:TODO:)
infant;младенец;noun;;;I expected to see a day-old infant in your arms.;THE CATCHER IN THE RYE (book), самые сложные слова
inferior;низший (по положению, чину), подчинённый;adjective;ɪnˈfɪərɪə;;He felt inferior to them.[Он чувствовал себя ниже их.];LANGUAGE COURSES, work
inferiority complex;комплекс неполноценности;phrase;;;Every time you mention some guy that's strictly a bastard - very mean, or very conceited and all - and when you mention it to the girl, she'll tell you he has an inferiority complex.;THE CATCHER IN THE RYE (book)
infertility;"неплодородие; бесплодие, бесплодность";noun;;;"Because of man's sin, the earth produces thorns; because of sin, there is infertility; because of sin, there are droughts, floods, earthquakes, plagues, and destructive insects such as grasshoppers and caterpillars.";MYSTAGOGY
infirmary;"больница; лазарет";noun;;;He and I were sitting in the first two chairs outside the goddam infirmary, the day school opened, waiting for our physicals, and we sort of struck up this conversation about tennis.;medicine, THE CATCHER IN THE RYE (book), самые сложные слова
inflatable dinghy;надувная спасательная шлюпка;noun;ˈdɪŋgɪ;;I saw two inflatable dinghies aboard.;LANGUAGE COURSES
ingenious;"1) изобретательный; 2) искусный; 3) остроумный";adjective;;clever, cunning, inventive, skilful;;traits
ingenuous;"1) открытый, прямой, искренний, откровенный; 2) бесхитростный, простодушный, простой";adjective;;candid, frank;;traits, сложные слова
inhale;вдохнуть;verb;;breathe in;;
initiative;"инициатива; предприимчивость";noun;ɪˈnɪʃətɪv;;He is very good at using his own initiative.;LANGUAGE COURSES, work
injury;"повреждение; ушиб, рана, травма; вред, ущерб";noun;;damage, harm, hurt;;violence
inner;"1) внутренний; 2) духовный, тайный, сокровенный";adjective;;interior, internal, intimate, inward;;
in one's own way;по-своему;adverb;;;He never takes my advice, he always does it in his own way.;LANGUAGE COURSES
in particular;в особенности, в частности;adverb;;particularly;Japanese teens, in particular, have become fanatical about being 'always available'.;LANGUAGE COURSES
insane;"1) душевнобольной; 2) безумный, безрассудный";adjective;;crazy, foolish, mad, nuts;Mothers are all slightly insane.;THE CATCHER IN THE RYE (book), traits
inscription;надпись;noun;;;The inscriptions on the gravestones were worn away.;LANGUAGE COURSES
insist;"1) настойчиво утверждать; 2) настаивать";verb;;persist;She insists upon strict discipline throughout the school, and if you take my advice you will do your very best to behave yourselves in her presence.;
instruct;"1) инструктировать, учить, обучать; 2) информировать, сообщать";verb;;;The CACHE hint instructs the optimizer to place the blocks retrieved for the table at the most recently used end of the LRU list in the buffer cache when a full table scan is performed. | The soldiers have been thoroughly instructed in the care of their weapons.;INFORMATION TECHNOLOGIES
intend;"1) намереваться; хотеть; 2) иметь в виду, подразумевать";verb;;mean;;
interaction;взаимодействие;noun;;;It is the interaction between these contrasting personalities that provides most of the humour in the show. | There's not enough interaction between the management and the workers.;LANGUAGE COURSES
intercourse;"общение; связь; сношения";noun;;;All he did was keep talking in this very monotonous voice about some babe he was supposed to have had sexual intercourse with the summer before.;THE CATCHER IN THE RYE (book)
interfere;"мешать, быть помехой; вмешиваться, впутываться";verb;;interpose, intervene;;
interior;внутренний;adjective;;inner, internal, intimate, inward;;
internal;"1) внутренний; 2) душевный, сокровенный";adjective;;inner, interior, intimate, inward;;
interpose;ставить между, становиться между, вклиниваться, вмешиваться;verb;;interfere, intervene;;
intersperse;"1) разбрасывать, раскидывать, усеивать; усыпать; 2) вкраплять, разнообразить (что-л. чем-л.)";verb;ˌɪntəˈspɜːs;scatter;The face of the country was interspersed with groves.[Леса и рощи придавали разнообразие ландшафту страны.] | This article was written at home in the country during bursts of hard work interspersed with periods of inactivity.;LANGUAGE COURSES
intervene;"1) происходить, иметь место; 2) вмешиваться, помешать, являться помехой";verb;;interfere, interpose;;
in the end;в конце концов;adverb;;eventually, finally, ultimately;;LANGUAGE COURSES
in the prime of life;в расцвете сил, во цвете лет;phrase;;;For a moment he felt as in the prime of life and its pride.;appearance, REPEATING
in the wake of;по пятам, по следам, вслед за (каким-л. событием);phrase;;;Overland, above the dark seas, wild refugees flee the seasons drifting beyond the night clouds in the wake of their guiding star.;SONGS
intimate;"1) внутренний, глубокий, глубинный; 2) глубоко личный, интимный; сокровенный";adjective;ˈɪntɪmət;inner, interior, internal, inward;There are also some spectacular battle scenes but the story remains intimate and human.;LANGUAGE COURSES
intricacy;запутанность, сложность;noun;ˈɪntrɪkəsɪ;;We ignore the intricacies of them and use the Unwrap methods to avoid them altogether.;INFORMATION TECHNOLOGIES
intrinsically;"по сути, по существу, в сущности; в действительности";adjective;ɪnˈtrɪnzɪk(ə)lɪ;;The IDisposable interface is not something the runtime knows about intrinsically.;INFORMATION TECHNOLOGIES
invade;"вторгаться; захватывать, оккупировать";verb;;;She thought that they were being invaded by Martians.;LANGUAGE COURSES
invent;изобретать, выдумывать;verb;;devise;;
inventive;изобретательный, находчивый;adjective;;ingenious;;traits
involve;"1) включать, включать в себя; 2) влечь за собой; 3) вовлекать, впутывать, вмешивать";verb;;implicate;His job involved managing large investment funds.;
inward;"внутренний; направленный внутрь";adjective;;inner, interior, internal, intimate;;
irritate;"раздражать, нервировать; сердить, злить";verb;;annoy, get at, rile;The way I met her, this Doberman pinscher she had used to come over and relieve himself on our lawn, and my mother got very irritated about it.;
itchy;"вызывающий зуд; зудящий";adjective;;;The sweater was itchy.;LANGUAGE COURSES, materials
ivory;"цвета слоновой кости; гладкий, как слоновая кость";adjective;;;He revealed red gums and the smooth, ivory daggers of his teeth.;colors, REPEATING
jab;"тыкать; пихать";verb;;poke;The boa constrictor jabbed its tail at the sign again.;HARRY POTTER AND THE SORCERER'S STONE (book)
jampack;переполнять (crowd or pack to capacity);verb;;cram, ram;Even though it was so late, old Ernie's was jampacked, mostly with prep school jerks and college jerks.;THE CATCHER IN THE RYE (book)
jangle;"издавать резкие, нестройные звуки; бренчать (to make a noise like metal hitting metal)";verb;;;The bag of gold, silver, and bronze jangling cheerfully in Harry's pocket was clamoring to be spent, so he bought three large strawberry and peanut butter ice creams, which they slurped happily as they wandered up the alley.;HARRY POTTER AND THE CHAMBER OF SECRETS (book), sounds
javelin;метательное копьё, дротик;noun;ˈʤævlɪn;;He leaned forward and grasped the broom tightly in both hands, and it shot toward Malfay like a javelin.;HARRY POTTER AND THE SORCERER'S STONE (book)
jaw;"челюсть; зажим, захват";noun;;jowl;If you're supposed to sock somebody in the jaw, and you sort of feel like doing it, you should do it. | What I might do, I might say something very cutting and snotty, to rile him up - instead of socking him in the jaw.;
jealous;"ревнивый, ревностный; завистливый";adjective;;envious;So Malfoy, jealous and angry, had gone back to taunting Harry about having no proper family.;traits
jeer;насмехаться, глумиться, высмеивать, зло подшучивать;verb;;;Harry jumped to his feet just as a jeering voice floated across the lawn.;HARRY POTTER AND THE CHAMBER OF SECRETS (book), laught and smile
Jell-O;желе;noun;;;A moment later the desserts appeared. Blocks of ice cream in every flavor you could think of, apple pies, treacle tarts, chocolate eclairs and jam doughnuts, trifle, strawberries, Jell-O, rice pudding.;HARRY POTTER AND THE SORCERER'S STONE (book), meal
jerk;"резко толкать; дергать; дрыгать; двигаться толчками";verb;;twitch;He put down his razor, and all of a sudden jerked his arms up and sort of broke my hold on him. | She jerked her head in Harry's direction.;THE CATCHER IN THE RYE (book)
jerk;"1) толчок; рывок; вздрагивание; 2) тупица; идиот; подонок";noun;;;Even though it was so late, old Ernie's was jampacked, mostly with prep school jerks and college jerks.;odd people, THE CATCHER IN THE RYE (book)
jester;"1) шутник; 2) шут";noun;;;In some cases jugglers were also clowns or jesters, or even acrobats.;LANGUAGE COURSES, odd people
jet;насыщенно-чёрный цвет;adjective;;jet-black;Its spiny wings were huge compared to its skinny jet body, it had a long snout with wide nostrils, the stubs of horns and bulging, orange eyes.;colors, HARRY POTTER AND THE SORCERER'S STONE (book)
jet;"сильная струя; поток";noun;;;She whipped out her wand, waved it, muttered something, and sent a jet of the same bluebell flames she had used on Snape at the plant.;HARRY POTTER AND THE SORCERER'S STONE (book)
jet-black;черный как смоль;adjective;;jet;Under a tuft of jet-black hair over his forehead they could see a curiously shaped cut, like a bolt of lightning.;colors, HARRY POTTER AND THE SORCERER'S STONE (book)
jiggle;"покачивать(ся); трясти(сь)";verb;;shake;She crossed her legs and started jiggling this one foot up and down.;THE CATCHER IN THE RYE (book)
jinx;"сглазить, проклясть; принести несчатье";verb;;bewitch;"""He's doing something - jinxing the broom,"" said Hermione.";HARRY POTTER AND THE SORCERER'S STONE (book)
joke;"шутить; подшучивать; дразнить";verb;;kid;;
jolly;"веселый, радостный; счастливый";adjective;;buoyant, cheerful, glad, happy, joyful, merry;;
jolt;"толчок; удар";noun;;;Harry's heart gave a horrible jolt.;HARRY POTTER AND THE SORCERER'S STONE (book)
jostle;теснить, толкать(ся) (come into rough contact with while moving);verb;ˈʤɔsəl;push, shove;People jostled him on their way to platforms nine and ten.;HARRY POTTER AND THE SORCERER'S STONE (book)
jot;"кратко записать; бегло набросать";verb;;;"In his notes for such a manual, he jotted down the following ""convert pitfalls"", or what he called ""obstacles in the Orthodox mission today"".";MYSTAGOGY
jowl;челюсть, челюстная кость;noun;;jaw;His jowls flowed with saliva.;
joyful;"веселый, радостный; счастливый";adjective;;buoyant, cheerful, glad, happy, jolly, merry;;
juggle;жонглировать;verb;;;We know that Tagatus Urgus juggled glass balls, because they're specifically mentioned on his grave stone.;LANGUAGE COURSES
jumble;куча разных вещей;noun;;;Around the front door lay a jumble of rubber boots and a very rusty cauldron.;HARRY POTTER AND THE CHAMBER OF SECRETS (book)
jump;прыжок, скачок;noun;;bound, frisk, hop, leap, skip, spring;;
jump in at the deep end;you start doing something new and difficult without help or preparation;phrase;;;It may sound good to jump in at the deep end but it will look plain stupid.;education, idioms, LANGUAGE COURSES
juniper;можжевельник;noun;;;Here is a nice tutorial on how to make an evergreen arrangement using juniper or cedar greenery.;plants, REPEATING
junk;"отбросы; ненужный хлам; барахло";noun;;;The trouble was, that kind of junk is sort of fascinating to watch, even if you don't want it to be.;THE CATCHER IN THE RYE (book), самые сложные слова
junk shop;лавка старьевщика;noun;;;;holidays, LANGUAGE COURSES
just;"1) справедливый, беспристрастный; 2) правильный";adjective;;fair, right;;
kebab;"кебаб; шашлык";noun;;;Yesterday we were in the country and cooked kebabs on skewers.[Вчера мы были за городом и готовили шашлыки на шампурах.];holidays, LANGUAGE COURSES, meal, picnic
keen;"1) острый; пронзительный; 2) проницательный, сообразительный; 3) интенсивный, резкий; 4) увлечённый, пылкий; стремящийся (к чему-л.)";adjective;;cutting, piercing, sharp;A keen detective would naturally find him.;REPEATING
keep a check on smth.;следить за чем-л.;phrase;;;23 percent of surveyed parents said the mobile made it difficult for them to keep a check on who their children were communicating with.;LANGUAGE COURSES
keep a straight face;to look serious and not laugh, although you are in a funny situation;phrase;;;I can never play jokes on people because I can't keep a straight face.;idioms, INTERNET
keep calm under pressure;оставаться спокойным под давлением;phrase;;;However it seems that Obama's nature is to keep calm under pressure.;LANGUAGE COURSES, work
keep hold of smth.;не отдавать, держать (что-л.);phrase;;;An informal survey conducted on the Tokyo streets by Japan Today magazine, however, suggests that the nations' teens have other reasons for keeping hold of 'their best electric friend'.;LANGUAGE COURSES
keep in touch;поддерживать контакт;phrase;;;No, Jane and I never kept in touch after college.;LANGUAGE COURSES, relationship
keep on;"1) продолжать; 2) сохранять в прежнем положении; 3) надоедать, докучать";phrase;;carry on, continue, go on, proceed;;phrasal verbs
keep smb. posted on smth.;держать кого-л. в курсе чего-л.;phrase;;keep smb. updated on smth.;I want you to keep me posted on everything that's going on at Hogwarts.;LANGUAGE COURSES, work
keep smb. updated on smth.;держать кого-л. в курсе чего-л.;phrase;;keep smb. posted on smth.;Could you keep me updated on this issue, please?;LANGUAGE COURSES, work
kick;ударять ногой, пинать;verb;;;;striking (verbs)
kick the habit;избавиться от вредной привычки (to stop doing something that is difficult to stop doing);phrase;;;She used to be a heavy smoker but she kicked the habit last year.;idioms, INTERNET
kid;"1) высмеивать; 2) обманывать; надувать";verb;;joke;;fraud, laught and smile
kill;убивать, умерщвлять, замочить;verb;;assassinate, murder, slay;In November, a Texas man was killed and his wife injured in a sniper attack as they were rafting along the Rio Grande in west Texas.;
knickerbockers;бриджи;noun;;;As he looked at Dudley in his new knickerbockers, Uncle Vernon said gruffly that it was the proudest moment of his life. | Smeltings' boys wore maroon tailcoats, orange knickerbockers, and flat straw hats called boaters.;clothes, HARRY POTTER AND THE SORCERER'S STONE (book)
knobbly;шишковатый;adjective;ˈnɔblɪ;;Harry had a thin face, knobbly knees, black hair, and bright green eyes. | They also carried knobbly sticks, used for hitting each other while the teachers weren't looking.;appearance, HARRY POTTER AND THE SORCERER'S STONE (book)
knock;"1) стучать (make light, repeated taps on a surface); 2) стукнуть, ударять, бить, колотить";verb;;bump, rap, tap;He was a real rake and all, but he knocked women out. | Snape's refereeing this time, and he'll be looking for any excuse to knock points off Gryffindor!;striking (verbs)
knocker;(сленг) буфера;noun;;;She had very big knockers.;THE CATCHER IN THE RYE (book)
knowledgeable;"умный; хорошо осведомленный";adjective;ˈnɔlɪʤəbl;;He's very knowledgeable about German literature.;education, LANGUAGE COURSES
know smth. inside out;знать предмет досконально (know everything about a subject);phrase;;;She knows the poems of Sylvia Plath inside out.;education, idioms, LANGUAGE COURSES
knuckle;сустав пальца;noun;nʌkl;;But as the High Table was full of teachers, neither of them could do more than crack their knuckles and scowl.;HARRY POTTER AND THE SORCERER'S STONE (book)
labour of love;"любимое дело; бескорыстный труд (ради любимого дела)";noun;;;He's always working on his car - it's a labour of love.;LANGUAGE COURSES, work
lame;неубедительный;adjective;;;It's a lame excuse.;education, LANGUAGE COURSES
lament;"плакать, оплакивать; горевать, сокрушаться";verb;;mourn;Oliver Hughes reports on what he found in Europe and laments the passing of the good old days.;сложные слова
landfill;мусорная свалка;noun;;;Citizens of the European Union currently produce 6.5 million tonnes of electronic waste a year, most of which ends up in landfill sites or is incinerated. A mere 10% is recycled.;LANGUAGE COURSES, pollution
landlord;арендодатель, домовладелец;noun;;;The landlord had promised to redecorate the bedrooms before we moved in.;LANGUAGE COURSES
languid;"безжизненный, вялый; апатичный, бездеятельный";adjective;;lethargic, listless;;сложные слова
lantern;фонарь;noun;ˈlæntərn;;The hundreds of faces staring at them looked like pale lanterns in the flickering candlelight.;HARRY POTTER AND THE SORCERER'S STONE (book)
lash;ударять, хлестать, стегать, бичевать;verb;;whip;;striking (verbs)
last but one;предпоследний;adjective;;;I'm almost finished - this is the last but one box to empty.;LANGUAGE COURSES
lately;"недавно; на днях";adverb;;of late, recently;;LANGUAGE COURSES
laurel;лавр благородный;noun;ˈlɔr(ə)l;;Jill and Eustace, now both very hot and very grubby from going along bent almost double under the laurels, panted up to the wall. | The drops dripped off the laurel leaves.;plants, THE SILVER CHAIR (book) 
laymen;миряне;noun;;;Laymen would come to his cave to listen to him.;MYSTAGOGY, religion
lazy;ленивый;adjective;;idle;;traits
lean;"1) налечь, опираться; 2) наклонять(ся)";verb;;bend, bow, stoop;He leaned forward and grasped the broom tightly in both hands, and it shot toward Malfay like a javelin. | They went rattling over an underground ravine, and Harry leaned over the side to try to see what was down at the dark bottom.;
leap;прыжок, скачок;noun;;bound, frisk, hop, jump, skip, spring;He merely sprang to the side and ran stiffly ahead for several awkward leaps, in carriage and conduct resembling an abashed country swain.;
learning curve;кривая обучения (the rate of someone's progress in learning a new skill);phrase;;;He has a steep learning curve ahead of him.[Ему предстоит многому научиться в предельно короткий срок.];education, LANGUAGE COURSES
leave;отпуск;noun;;;I'm going to take a leave in July.[Я собираюсь в отпуск в июле.];work
leave;"1) уезжать, уходить; 2) оставлять, покидать, бросать";verb;;abandon, desert, forsake;;
lech;вожделеть, испытывать похоть к кому-л. (to show too much sexual interest in someone, in an unpleasant way);verb;leʧ;;Look! He's leching at that lady!;IT CROWD
leisure;досуг, свободное время;noun;ˈleʒə;;The town lacks leisure facilities such as a swimming pool or squash courts.;holidays, LANGUAGE COURSES
lend a sympathetic ear;to listen carefully and in a friendly way to someone, especially someone who is telling you about a problem;phrase;;;If you have any problems, go to Claire. She'll always lend a sympathetic ear.;idioms, LANGUAGE COURSES, relationship
lessen;уменьшать(ся) (decrease in size, extent, or range);verb;;decrease, diminish;;
let;"1) пускать; 2) позволять, разрешать, давать возможность";verb;;allow, permit;;
lethargic;апатичный, безразличный, вялый;adjective;ləˈθɑːʤɪk;languid, listless;I was feeling tired and lethargic.;LANGUAGE COURSES, traits
let out;"освобождать; выпускать";phrase;;emit;Neville suddenly let out a frightened squeak and broke into a run - he tripped, grabbed Ron around the waist, and the pair of them toppled right into a suit of armor. | Then, suddenly, Hagrid let out a howl like a wounded dog.;HARRY POTTER AND THE SORCERER'S STONE (book), phrasal verbs
let the cat out of the bag;"to reveal a secret or a surprise by accident; to tell something that is a secret, often without intending to";phrase;;;"John Horgan wanted to use this headline 20 years ago, but the editor didn't let him. Now that editor is gone, so Horgan let the cat out of the bag: ""Pssst! Don't tell the creationists, but scientists don't have a clue how life began.""";idioms, INTERNET
level;наводить оружие на, целиться в (кого-л.);verb;;;She levelled a gun at his head.;arms, REPEATING
leverage;использовать (с выгодой для себя);verb;ˈliːv(ə)rɪʤ;;The TreePanel can leverage a TreeLoader to fetch data remotely via Ajax or can be configured to use data stored on the browser. | This knowledge will empower you to make the best dicisions when building well-constructed UIs and better enable you to leverage the framework effectively.;INFORMATION TECHNOLOGIES
lifestyle;образ, стиль жизни;noun;;;Half the children polled recently said their lifestyle 'required' them to have a mobile phone. | He doesn't have a very healthy lifestyle.;LANGUAGE COURSES
lift;"поднимать; возвышать, повышать";verb;;elevate, hoist, raise;;
likewise;подобно, так же (in the same way);adverb;;;Likewise, knowing how Ext Components communicate with each other via events is equally important.;INFORMATION TECHNOLOGIES
liking;"предпочтение; склонность, вкус, пристрастие, любовь";noun;;;The end of the summer vacation came too quickly for Harry's liking.[Летние каникулы, по мнению Гарри, окончились слишком быстро.];HARRY POTTER AND THE CHAMBER OF SECRETS (book)
limelight;"1) друммондов свет (применяется для освещения сцены в театре); свет рампы; 2) центр внимания";noun;;;Staggering slightly under their weight, he managed to make his way out of the limelight to the edge of the room, where Ginny was standing next to her new cauldron.;HARRY POTTER AND THE CHAMBER OF SECRETS (book)
limp;хромать, прихрамывать;verb;;;Harry noticed at once that Snape was limping.;HARRY POTTER AND THE SORCERER'S STONE (book)
linger;"1) задерживаться, засиживаться; 2) медлить, мешкать; 3) двигаться медленно, неторопливо";verb;;hang around, loiter, lounge;He looked carefully at Harry, his eyes lingering on the scar that stood out, livid, on Harry's forehead. | Her eyes lingered for a moment on Neville's cloak, which was fastened under his left ear, and on Ron's smudged nose.;moving (verbs)
liquidize;превращать в жидкость (to change food into a thick liquid using a blender);verb;ˈlɪkwəˌdaɪz;;If you get on the wrong side of Miss Trunchbull she can liquidize you like a carrot in a kitchen blender.;LANGUAGE COURSES
listless;"апатичный, вялый; бездеятельный, безразличный";adjective;;indifferent, languid, lethargic, nonchalant;;traits
literally;буквально;adverb;;;;LANGUAGE COURSES
litter;сорить, мусорить;verb;;;Discarded food containers and bottles littered the streets.;LANGUAGE COURSES, pollution
lively;"1) яркий, живой; 2) активный, деятельный, энергичный";adjective;;;A lively and charming girl bent over the gallery railing and smiled down at Goodwin.;REPEATING, traits
live up to;быть достойным (meet the requirements or expectations of) ;phrase;;;You could say I've got a lot to live up to.;HARRY POTTER AND THE SORCERER'S STONE (book), phrasal verbs
livid;"синевато-багровый; серовато-синий; мертвенно-бледный";adjective;;;He looked carefully at Harry, his eyes lingering on the scar that stood out, livid, on Harry's forehead.;appearance, colors, HARRY POTTER AND THE SORCERER'S STONE (book)
load;"1) грузить, нагружать, обременять; 2) заряжать, насыщать";verb;;burden, charge;;
loathe;"чувствовать отвращение, испытывать отвращение; ненавидеть";verb;;detest, hate;;disgust
locust;саранча;noun;ˈləʊkəst;;They came on like locusts in a plague.;animals, REPEATING
loiter;"1) слоняться без дела; 2) отставать; 3) медлить, мешкать";verb;;hang around, linger, lounge;;
loll out;вывешивать, свешивать;phrase;;;Their red tongues were lolling out.;animals, phrasal verbs, REPEATING
lone;"одинокий, уединенный; незамужняя, овдовевший";adjective;;only, single, sole, solitary;;
loner;"1) одиночка, индивидуалист; 2) отшельник, нелюдим";noun;;;I'm just a... lonely loner on a lonely road.;IT CROWD, odd people
long;очень хотеть, страстно желать, стремиться (desire strongly or persistently);verb;;crave, desire, yearn;I longed to hear their 'honk'. | There he goes, the famous old gander who longed to leave.;SONGS
look after;заботиться о, присматривать за, ухаживать;phrase;;take care of, tend;The daily grind of looking after three children was wearing her down.;phrasal verbs
look like;"быть похожим на; выглядеть как";phrase;;resemble, take after smb.;;appearance
look out for smb.;подыскивать, выискивать (to try to notice someone or something);phrase;;;Look out for Anna while you're there.;LANGUAGE COURSES, relationship
look up to smb.;смотреть с почтением на (кого-л.), уважать (кого-л.);phrase;;;But you know Tim really looks up to his father. He always has, right from when we were kids and while we were growing up.;idioms, LANGUAGE COURSES, phrasal verbs, relationship
loosen;"1) ослаблять; 2) снять с предохранителя";verb;;;He loosened the revolver.;arms, REPEATING
lopsided;"кривобокий, искривлённый; наклонённый";adjective;;;A lopsided sign stuck in the ground near the entrance read, The Burrow.;appearance, HARRY POTTER AND THE CHAMBER OF SECRETS (book)
lose one's marbles;сходить с ума;phrase;;;"""He's lost his marbles,"" Ron muttered in Harry's ear.";HARRY POTTER AND THE SORCERER'S STONE (book), idioms
lose one's temper;"рассердиться; выходить из себя (get very angry and fly into a rage)";phrase;;;Our teacher never loses her temper.[Наш учитель никогда не выходит из себя.];education, LANGUAGE COURSES
lounge;холл, комната для отдыха (в отеле, клубе);noun;laʊnʤ;;;
lounge;"1) развалиться, сидеть развалясь; 2) бездельничать, слоняться, лениво бродить";verb;;hang around, linger, loiter;I met a gentleman lounging along an alley.;moving (verbs)
lousy;"1) вшивый; 2) отвратительный, грязный, мерзкий; 3) дрянной, паршивый";adjective;ˈlaʋzɪ;dirty, filthy;I had a headache and I felt lousy. | lousy childhood[паршивое детство ] | That guy had just about everything: sinus trouble, pimples, lousy teeth, halitosis, crumby fingernails.;THE CATCHER IN THE RYE (book)
loyalty;верность, преданность;noun;;allegiance;They are very different from each other, but share a common bond in their friendship and loyalty.;LANGUAGE COURSES, relationship
lucid;"ясный, понятный; светлый; прозрачный";adjective;;clear, distinct, plain;;
lucrative;прибыльный, выгодный, доходный;adjective;;profitable;;сложные слова
lurch;"шаткая походка; пошатывание, шатание";noun;lɜːʧ;;His broom gave a sudden, frightening lurch. For a split second, he thought he was going to fall.;HARRY POTTER AND THE SORCERER'S STONE (book)
lurk;"скрываться в засаде; прятаться; оставаться незамеченным; притаиться";verb;lɜːk;skulk;Even if we come up with a good partitioning strategy, other remaining issues lurk around the corner. | Sniff around, my sweet, they might be lurking in a corner.;HARRY POTTER AND THE SORCERER'S STONE (book)
lust;вожделение, похоть;noun;;;Greed, pride, envy, dishonesty and lust are considered to be vices.;LANGUAGE COURSES
lustre;блеск (the brightness that a shiny surface has);noun;ˈlʌstə;;The man's eyes had faded. The darkness had spoiled their lustre.;REPEATING
mad;"1) сумасшедший; помешанный; душевнобольной (affected with madness or insanity); 2) безумный; бешеный";adjective;;crazy, frantic, insane;I was so mad, I was practically bawling. | Then, when she was all done whispering and being cute as hell, she'd sing some dopey song, half in English and half in French, and drive all the phonies in the place mad with joy.;traits
magnet;магнит, притягательная сила;noun;ˈmægnɪt;;;
magnificent;"великолепный; величественный; изумительный";adjective;;glorious, splendid;It was a magnificent mirror, as high as the ceiling, with an ornate gold frame, standing on two clawed feet. There was an inscription carved around the top.;appearance
mahogany;красное дерево;noun;;;Sleek and shiny, with a mahogany handle, it had a long tail of neat, straight twigs and Nimbus Two Thousand written in gold near the top. | Your father, on the other hand, favored a mahogany wand.;HARRY POTTER AND THE SORCERER'S STONE (book), plants
main course;основное блюдо, горячее;noun;;;I had salmon for my main course.;LANGUAGE COURSES, meal
make;"1) делать, производить, готовить; 2) заставлять";verb;;compel, force;;violence
make;тип, марка;noun;;;Do you like the make of my car?;
make a good impression on smb.;произвести хорошее впечатление;phrase;;;"""No need to be rude, sir,"" said the pilot, who liked to make a good impression on foreign visitors.";LANGUAGE COURSES, relationship
make a wild guess;"попытаться угадать; ответить наугад";phrase;;;She asked him a difficult question so he made a wild guess.;education, LANGUAGE COURSES
make friends;подружиться;phrase;;;I don't want you to make friends with anyone who will lead you into bad ways.;LANGUAGE COURSES, relationship
make it up with smb.;примиряться, мириться с кем-л.;phrase;;reconcile;Do you think you'll be able to make it up with her?;LANGUAGE COURSES, phrasal verbs, relationship
make oneself into smb.;заделываться (становиться кем-л.);phrase;;;You don't have to make yourself into someone you're not.;LANGUAGE COURSES
make one's way;"брести; направляться";phrase;;;He made his way down to the staffroom and knocked. | Staggering slightly under their weight, he managed to make his way out of the limelight to the edge of the room, where Ginny was standing next to her new cauldron.;HARRY POTTER AND THE SORCERER'S STONE (book), moving (verbs)
make out;"увидеть; различить; разглядеть";phrase;;distinguish, tell;Harry couldn't make out the look on his face, but he was stuttering worse than ever. Harry strained to catch what they were saying. | His face was almost completely hidden by a long, shaggy mane of hair and a wild, tangled beard, but you could make out his eyes, glinting like black beetles under all the hair.;glance, HARRY POTTER AND THE SORCERER'S STONE (book), phrasal verbs
make progress;делать успехи;phrase;;;;education, LANGUAGE COURSES
make up;"1) составлять; 2) мириться; 3) выдумывать";phrase;;bear, endure, put up with, stand;Aunt Petunia found a few moldy blankets in the second room and made up a bed for Dudley on the moth-eaten sofa. | It waggled its long ears, making up its tiny mind, then slouched slowly into the room. | Then they visited the Apothecary, which was fascinating enough to make up for its horrible smell, a mixture of bad eggs and rotted cabbages.;HARRY POTTER AND THE SORCERER'S STONE (book), phrasal verbs
make up for;компенсировать;phrase;;;Even Neville scraped through, his good Herbology mark making up for his abysmal Potions one.;HARRY POTTER AND THE SORCERER'S STONE (book), phrasal verbs
make up one's mind;принять решение, решиться (на что-л. или сделать что-л.);phrase;;;I can't make up my mind.[Я не могу решиться.];idioms, REPEATING
malady;"болезнь; заболевание, расстройство";noun;ˈmælədɪ;;My grandmother passed away from an unknown fatal malady.;LANGUAGE COURSES, medicine
malice;злоба;noun;ˈmælɪs;spite;Malfoy thrust Ginny's old Transfiguration book at her, his eyes glittering with malice.;HARRY POTTER AND THE CHAMBER OF SECRETS (book)
malicious;злобный, злой;adjective;;;He complained that he'd been receiving malicious telephone calls.;LANGUAGE COURSES, traits
manage;"руководить, управлять, заведовать, править, хозяйствовать; владеть";verb;;administer, control, govern, rule, run;He's not very good at managing people. | His job involved managing large investment funds.;work
mandatory;"обязательный; принудительный";adjective;;compulsory;;
mane;грива;noun;;;His face was almost completely hidden by a long, shaggy mane of hair and a wild, tangled beard, but you could make out his eyes, glinting like black beetles under all the hair. | This was her day, when manes bristled, and fang smote fang or ripped and tore the yielding flesh, all for the possession of her.;animals, WHITE FANG (book)
manger;кормушка, ясли;noun;ˈmeɪnʤə;;However the New Testament mentions neither a manger as we understand it nor an inn when describing the Christmas story. | It has become a popular cultural tradition around Christmas time to hear that Christ was born in a manger because there was no room in the inn.;animals, MYSTAGOGY
mangle;"калечить; наносить увечья";verb;;;One of his legs was bloody and mangled.;HARRY POTTER AND THE SORCERER'S STONE (book)
manor;ист. (феодальное) поместье;noun;ˈmænə;;"House-elves come with big old manors and castles and places like that; you wouldn't catch one in our house.";HARRY POTTER AND THE CHAMBER OF SECRETS (book)
mantelpiece;каминная полка;noun;;;And she pulled a heavy book from the stack on the mantelpiece.;HARRY POTTER AND THE CHAMBER OF SECRETS (book)
manure;"навоз; удобрение";noun;;dung, muck;She didn't give you a lot of horse manure about what a great guy her father was.;THE CATCHER IN THE RYE (book)
map;карта, таблица, план;noun;;chart;;
maroon;"каштановый; темно-бордовый";adjective;;;Smeltings' boys wore maroon tailcoats, orange knickerbockers, and flat straw hats called boaters.;colors, HARRY POTTER AND THE SORCERER'S STONE (book)
marshmallow;spongy confection made of gelatin and sugar and corn syrup and dusted with powdered sugar;noun;;;They sat by the hour eating anything they could spear on a toasting fork - bread, English muffins, marshmallows.;HARRY POTTER AND THE SORCERER'S STONE (book), meal
Martian;марсианин;noun;ˈmɑːrʃən;;She thought that they were being invaded by Martians.;LANGUAGE COURSES
martyr;"мученик; мученица; страдалец; страдалица";noun;ˈmɑːtə;;She fought against racism all her life and died a martyr to the cause.;INTERNET, religion, violence
martyr;"мучить; подвергать гонениям";verb;ˈmɑːtə;torment, torture;I'm not a hero, but those who were martyred are the heroes, he said.;INTERNET, violence
mash;"разминать; раздавливать";verb;;;mashed potatoes[картофельное пюре];THE CATCHER IN THE RYE (book)
mass slaughter;"(массовое) убийство, резня, бойня; избиение";noun;ˈslɔːtə;;;LANGUAGE COURSES, violence
matinee;"дневной спектакль; утренник";noun;;;It's Sunday, but there's always one or two matinees going on Sunday.;THE CATCHER IN THE RYE (book)
matter;"1) вещество, материал; 2) филос. материя; 3) сущность; содержание; 4) вопрос, дело";noun;;;Similarly you may explain the order in the universe by saying that all things, even the souls of men, are leaves inevitably unfolding on a utterly unconscious tree - the blind destiny of matter.;MYSTAGOGY
mature;"зрелый; спелый";adjective;;;I like a mature person, if that's what you mean. | The mark of the immature man is that he wants to die nobly for a cause, while the mark of the mature man is that he wants to live humbly for one.;appearance
maunder;бормотать, говорить бессвязно;verb;;chatter, gibber, mumble, mutter;;sounds
mauve;розовато-лиловый;adjective;məʋv;;Madam Malkin was a squat, smiling witch dressed all in mauve.;colors, HARRY POTTER AND THE SORCERER'S STONE (book)
mean;"1) намереваться; 2) иметь в виду, подразумевать; 3) значить, означать";verb;;intend;"""Go to your cupboard - I mean, your bedroom,"" he wheezed at Harry. | I like a mature person, if that's what you mean. | I mean he didn't hit the ceiling or anything. | I mean he was all stooped over, and he had very terrible posture.";THE CATCHER IN THE RYE (book)
mean;"1) средний; серединный; 2) плохой; скупой; 3) подлый; нечестный";adjective;;tight-fisted;Both of them were thickset and looked extremely mean. | Every time you mention some guy that's strictly a bastard - very mean, or very conceited and all - and when you mention it to the girl, she'll tell you he has an inferiority complex.;THE CATCHER IN THE RYE (book), traits
mechanically;машинально;adverb;;;He grasped it and devoured it mechanically.;REPEATING
meddle;"заниматься, интересоваться чем-л.; вмешиваться, совать свой нос";verb;medl;horn in;It was a bit late to repair the damage, but Harry swore to himself not to meddle in things that weren't his business from now on.;HARRY POTTER AND THE SORCERER'S STONE (book)
medieval;"1) средневековый; 2) отставший от жизни, безнадёжно устаревший; старомодный";adjective;ˌmedɪˈiːv(ə)l;;From the latest avant-garde groups to the most obscure medieval church music, there is always somebody ready and willing to record even the most esoteric piece of music and upload it onto the Net.;LANGUAGE COURSES
melancholy;"меланхоличный; грустный, мрачный; подавленный";adjective;ˈmelənˌkɒlɪ;blue, cheerless, dreary, gloomy, glum, mournful, sombre;She used to spend melancholy autumn days with a book near the fireplace.;traits
melt;"1) таять; 2) плавить(ся); 3) смягчать(ся)";verb;;thaw;;
mend;"чинить, ремонтировать; исправлять, улучшать";verb;;fix, repair;;
mere;"простой; чистый; сущий, явный";adjective;;pure, sheer;;
merit;"1) заслуга; 2) достоинство, добродетель (any admirable quality or attribute) ";noun;;;He was rewarded according to his merits.;REPEATING
merry;"веселый, радостный; оживленный";adjective;;buoyant, cheerful, glad, happy, jolly, joyful;;traits
midair;воздух, пространство над поверхностью земли;noun;ˌmɪdˈeər;;A bundle of walking sticks was floating in midair ahead of them, and as Percy took a step toward them they started throwing themselves at him. | Ron was leaning out of the back window of an old turquoise car, which was parked in midair.;HARRY POTTER AND THE SORCERER'S STONE (book)
mild;"1) умеренный; 2) неострый";adjective;;moderate, temperate;The meal was delicious and mild.;LANGUAGE COURSES
mimic;"1) пародировать; передразнивать (to copy the way in which a particular person usually speaks and moves, usually in order to make people laugh); 2) симулировать, притворяться";verb;;;The ComboBox can mimic traditional option drop-down boxes or can be configured to use remote datasets via data store.;INFORMATION TECHNOLOGIES
mind;возражать, иметь что-л. против;verb;;contradict, object, protest;;
mingle;смешивать(ся);verb;;;The smell of ripe fruit mingled with the laughter of women in their huts.;REPEATING
minister;"1) посланник; министр; 2) священник";noun;;;If you want to know the truth, I can't even stand ministers.;religion, THE CATCHER IN THE RYE (book)
mistletoe;омела (в Англии традиционное украшение дома на Рождество);noun;ˈmɪsltəʊ;;The hall looked spectacular. Festoons of holly and mistletoe hung all around the walls.;HARRY POTTER AND THE SORCERER'S STONE (book), plants
misuse;"1) неправильно употреблять; неправильно применять; 2) злоупотреблять";verb;;;She was accused of misusing company funds.;HARRY POTTER AND THE CHAMBER OF SECRETS (book)
mitt;митенка;noun;;;I wrote about my brother Allie's baseball mitt.;THE CATCHER IN THE RYE (book)
mixer;"1) миксер; 2) общительный человек";noun;;;to be a good mixer[быть общительным человеком];odd people, THE CATCHER IN THE RYE (book)
moan;"стонать, охать; жаловаться, ворчать";verb;;groan;moan and groan[разохаться] | Within seconds, the whole class was standing on their stools while Neville, who had been drenched in the potion when the cauldron collapsed, moaned in pain as angry red boils sprang up all over his arms and legs.;sounds
mob;"1) толпа; сборище (a disorderly crowd of people); 2) шайка; банда";noun;;crowd;;
moccasin;мокасин (обувь из мягкой кожи на плоской подошве);noun;ˈmɔkəsɪn;;He shook his fist angrily at the gleaming eyes and began securely to prop his moccasins before the fire.;clothes, REPEATING
mock;"1) поддельный, фальшивый, фиктивный; суррогатный; 2) притворный; мнимый; ложный";adjective;;phony;One company has recently produced a revision mock exam question service for delivery via SMS.;LANGUAGE COURSES
moderate;"1) умеренный, сдержанный, воздержанный, выдержанный; 2) небольшой, средний";adjective;ˈmɔderɪt;mild, temperate;I'm a moderate smoker.;
modest;скромный, сдержанный;adjective;;humble;He gets a very modest annual salary of $10000.;traits
moist;сырой, влажный;adjective;;damp, humid, soaked, soggy, wet;;
mold;"1) отливать в форму; лепить; формировать, создавать; 2) покрываться плесенью, плесневеть";verb;;;Since 1888 we have been molding boys into splendid, clear-thinking young men.;THE CATCHER IN THE RYE (book)
moldy;заплесневелый;adjective;;stale;Aunt Petunia found a few moldy blankets in the second room and made up a bed for Dudley on the moth-eaten sofa.;HARRY POTTER AND THE SORCERER'S STONE (book)
monger;"продавец; торговец";noun;;;;holidays, LANGUAGE COURSES
mongrel;"дворняжка; помесь, полукровка";noun;ˈmʌŋgrəl;;;LANGUAGE COURSES
moor;"участок, поросший вереском; торфянистая местность, торфяник (an open area of hills covered with rough grass)";noun;mɔː;;London was soon far behind them, replaced by neat green fields that gave way in turn to wide, purplish moors, a great city alive with cars like multicolored ants, villages with tiny toy churches.[Лондон очень скоро оказался далеко позади и сменился зелеными полями, уступившими, в свою очередь, место широким красноватым болотам, затем большому городу, кишевшему разноцветными муравьями-автомобильчиками, потом деревням с игрушечными церквями.];HARRY POTTER AND THE CHAMBER OF SECRETS (book)
mop;швабра;noun;;;He shooed the shocked Masons back into the dining room, promised Harry he would flay him to within an inch of his life when the Masons had left, and handed him a mop.;HARRY POTTER AND THE CHAMBER OF SECRETS (book)
moron;"слабоумный; идиот";noun;;;All morons hate it when you call them a moron. | I didn't know then that the goddam hotel was full of perverts and morons.;odd people, THE CATCHER IN THE RYE (book)
mortar;"1) (воен.) миномёт; 2) известковый раствор; строительный раствор";noun;ˈmɔːtə;;A mortar shell can be launched thousands of feet, which makes it an indirect fire weapon. | Mortar is a mixture of cement, sand and water used for bonding bricks and stones.;arms, REPEATING
mortgage;"заклад; ипотека";noun;ˈmɔːgɪʤ;;They took out a $40 000 mortgage to buy the house.[Они взяли ипотечный кредит $40 000 для покупки дома.];LANGUAGE COURSES
mossy;"мшистый; покрытый мхом";adjective;;;They walked past a mossy tree stump.;HARRY POTTER AND THE SORCERER'S STONE (book), plants
mountain ash;рябина;noun;;;We picked our way through small groves of red-berried mountain ash and larger stands of oak.;plants, REPEATING
mourn;"оплакивать; скорбеть, горевать";verb;;lament;;
mournful;"печальный, мрачный; скорбный, траурный (very sad)";adjective;;blue, cheerless, dreary, gloomy, glum, melancholy, sombre;He had a mournful expression.;appearance
mouth-watering;аппетитный (describes food that looks as if it will taste good);adjective;;;On their last evening, Mrs. Weasley conjured up a sumptuous dinner that included all of Harry's favorite things, ending with a mouth-watering treacle pudding.[В последний вечер миссис Уизли устроила грандиозный обед: она сварила, нажарила, испекла все любимые кушанья Гарри. На сладкое был пудинг из патоки - пальчики оближешь!];HARRY POTTER AND THE CHAMBER OF SECRETS (book), meal
move house;"сменить квартиру; переезжать на другую квартиру";phrase;;;We're moving house next week.;LANGUAGE COURSES
mow;"косить; жать";verb;məʊ;;They raked them: they mowed them like wheat.;REPEATING
muck;"навоз; дерьмо";noun;;dung, manure;It's convenient for development environments where you'd like to expose your server-side methods to the client and not have to worry about all of the muck with Ajax connection handling.;INFORMATION TECHNOLOGIES
muddy;"1) грязный, запачканный; 2) мутный, неясный, тусклый";adjective;;dingy, dirty;;appearance
mumble;бормотать, бурчать;verb;;maunder, mutter;"""You have these,"" Harry mumbled to her, tipping the books into the cauldron.";sounds
mundane;"1) обычный, приземлённый (very ordinary and therefore not interesting); 2) tedious; repetitive and boring";adjective;;;Mundane matters such as paying bills and shopping for food do not interest her.;LANGUAGE COURSES
murder;убивать, совершать убийство;verb;;assassinate, kill, slay;;violence
murmur;"шептать; бормотать; шелестеть";verb;;whisper;;sounds
mutter;бормотать, бурчать;verb;;maunder, mumble;"""He's lost his marbles,"" Ron muttered in Harry's ear. | She whipped out her wand, waved it, muttered something, and sent a jet of the same bluebell flames she had used on Snape at the plant.";sounds
mutual;"1) взаимный, обоюдный; 2) общий, совместный, принадлежащий обеим сторонам";adjective;ˈmjuːʧuəl;;Lynn and Phil met through a mutual friend.;LANGUAGE COURSES, relationship
myriad;бессчетный, бесчисленный, неисчислимый;adjective;ˈmɪrɪəd;;But to their nostrils came the myriad smells of an Indian camp, carrying a story that was largely incomprehensible to One Eye, but every detail of which the she-wolf knew.;WHITE FANG (book)
nag;болеть, ныть (remind or urge constantly);verb;;;"""I know,"" Ron snapped. ""Don't nag."" | Yet something had been nagging at the back of his mind all day.";HARRY POTTER AND THE SORCERER'S STONE (book), medicine
naked;"голый, нагой; обнажённый";adjective;;bare, nude;;appearance
narrate;повествовать, рассказывать;verb;;relate, tell;;
narrow-minded;ограниченный, недалёкий;adjective;;;In the next scene which is interesting for our purpose, we are challenged by deeply narrow-minded people from the country side.;LANGUAGE COURSES, traits
nasty;отвратительный, противный, мерзкий, скверный;adjective;;filthy, foul;The Dursleys often spoke about Harry like this, as though he wasn't there - or rather, as though he was something very nasty that couldn't understand them, like a slug.;disgust
natural;"1) подходящий для чего-л. человек; 2) одарённый человек, самородок";noun;;;The boy's a natural. I've never seen anything like it. Was that your first time on a broomstick, Potter?;HARRY POTTER AND THE SORCERER'S STONE (book), odd people
naturally;конечно, как и следовало ожидать, естественно;adverb;ˈnæʧ(ə)r(ə)lɪ;;A keen detective would naturally find him.;REPEATING
naughty;"непослушный, капризный, шаловливый; озорной";adjective;ˈnɔːtɪ;;Girls, you're being very naughty.[Девочки, вы очень плохо себя ведёте.];education, LANGUAGE COURSES, traits, самые сложные слова
nauseate;"1) чувствовать тошноту, вызывать тошноту; 2) чувствовать отвращение, вызывать отвращение";verb;ˈnɔːzɪˌeɪt;disgust, sicken;;disgust
nearsighted;близорукий;adjective;;;"""Strange how nearsighted being invisible can make you,"" said Dumbledore, and Harry was relieved to see that he was smiling.";HARRY POTTER AND THE SORCERER'S STONE (book)
neat;"чистоплотный; опрятный; аккуратный";adjective;;refined;Sleek and shiny, with a mahogany handle, it had a long tail of neat, straight twigs and Nimbus Two Thousand written in gold near the top.;THE CATCHER IN THE RYE (book), traits
necking;поцелуи и объятия;noun;;;It was the only time old Jane and I ever got close to necking, even.;THE CATCHER IN THE RYE (book)
negligible;"незначительный; неважный";adjective;ˈneglɪʤəbl;;Every time you run the algorithm, it will take a different amount of time, but the chance that the time will not be linearithmic is so small as to be negligible.;INFORMATION TECHNOLOGIES
nerd;"1) зануда; ботаник, ботан; 2) компьютерный фанат";noun;;;So... the people I'll be working with, what're they like? - Standard nerds!;IT CROWD, odd people
neurosis;невроз;noun;njuəˈrəʊsɪs;;If you want my opinion, I think she's suffering from some form of neurosis.;LANGUAGE COURSES, medicine
newlywed;"новобрачный; новобрачная";noun;ˈnjuːlɪwed;;The hotel has a special discount rate for newlyweds.;relationship
niche;"1) ниша ; 2) рыночная ниша (незанятый сегмент рынка товаров или услуг)";noun;nɪʃ;;I'm not a fan of Mrs. Palin, but after her campaign efforts during the General Election I came to firmly believe her real niche is talk radio.;LANGUAGE COURSES, work
nine-to-five;имеющий стандартный рабочий график с девяти до пяти;adjective;;;"""I think if you wanted a nine-to-five job, Ming, you could get one,"" he said.";LANGUAGE COURSES, work
nip;"1) ущипнуть, щипать; 2) кусать, тяпнуть";verb;;pinch;;
nonchalant;"беззаботный; беспечный; равнодушный; безразличный";adjective;;indifferent, listless;I was getting more and more nonchalant as it went along.;THE CATCHER IN THE RYE (book), traits, самые сложные слова
non-smoking;"1) некурящий (о человеке); 2) для некурящих (о местах в кафе, о купе в поезде и т. п.)";adjective;;;;LANGUAGE COURSES
not have a clue;не иметь представления (о чем либо);phrase;;not have the slightest idea;"I haven't got a clue about Algebra.[У меня нет никакого представления о алгебре.] | John Horgan wanted to use this headline 20 years ago, but the editor didn't let him. Now that editor is gone, so Horgan let the cat out of the bag: ""Pssst! Don't tell the creationists, but scientists don't have a clue how life began.""";education, LANGUAGE COURSES
not have the slightest idea;не иметь ни малейшего представления;phrase;;not have a clue;He hasn't got the slightest idea about this.;education, LANGUAGE COURSES
notion;идея, представление, понятие, знание;noun;;;Before we delve into specifics of multithreaded programming in managed code, we should spend a few minutes talking about the general notion of threading. | The notion of a stream is the lowest you can go in terms of .NET's managed code I/O system.;INFORMATION TECHNOLOGIES
novice;"1) начинающий, новичок; новобранец; 2) послушник; послушница";noun;ˈnɔvɪs;;"The monastery's elders, however, did not forsake the headstrong novice in his foolishness; they continued to keep an eye on him and to pray for him.";MYSTAGOGY, religion
nucleus;"ядро; центр";noun;ˈnjuːklɪəs;;We'll start our journey with taking a look at the ContainerLayout, which is the nucleus of the entire layout hierarchy.;INFORMATION TECHNOLOGIES
nude;голый, нагой, обнажённый;adjective;;bare, naked;;appearance
nuisance;"надоедливый человек, зануда; неудобство, помеха (something or someone that annoys you or causes trouble for you)";noun;ˈnjuːs(ə)n(t)s;;Go away, you are a nuisance!;odd people, REPEATING
nun;монахиня;noun;;;While I was eating my eggs, these two nuns with suitcases and all - I guessed they were moving to another convent or something and were waiting for a train - came in and sat down next to me at the counter.;religion, THE CATCHER IN THE RYE (book)
nursery nurse;воспитательница в детском саду или яслях;noun;;;A nursery nurse spoke to Rocky and I spoke to the older boy.;LANGUAGE COURSES, work
nursing home;дом престарелых;noun;;;Is it common for elderly people to live in nursing homes in your country?;LANGUAGE COURSES
nut;"1) орех; 2) чудак; сумасброд";noun;;screwball;;odd people
nuts;(slang) свихнувшийся, чокнутый, спятивший;adjective;;insane;Anyway, they fell in love right away, on account of they're both so nuts about Charles Dickens and all, and he helps her run her publishing business. | You're nuts. I swear to God.;THE CATCHER IN THE RYE (book), traits
oaf;"болван, тупица, олух; неотёсанный, неуклюжий человек";noun;əʊf;duffer;I suppose you think you'll be enjoying yourself with that oaf?;HARRY POTTER AND THE SORCERER'S STONE (book), odd people
obedient;послушный, покорный;adjective;;docile;;traits
obey;подчиняться, слушаться, повиноваться;verb;;abide by, comply;;law
object;возражать, протестовать;verb;ˈɒbʤekt;contradict, mind, protest;;
objective;"1) цель; стремление; 2) задача";noun;;aim, end, goal, purpose, target;;
obligation;"обязанность, долг; обязательство";noun;;duty;The obligation to be in a particular place at a particular time, working as part of a team towards a common goal, gives us a sense of structure and purpose that we find difficult to impose on ourselves.;
oblige;"обязывать; связывать (обязательством, клятвой)";verb;;;He was not obliged to wait long.;REPEATING
obliterate;"вычёркивать, стирать; удалять; (полностью) уничтожать; ликвидировать";verb;əˈblɪt(ə)reɪt;;He obliterated traces of the work.[Он ликвидировал следы работы.];REPEATING
obnoxious;"неприятный, несносный, отвратительный; надоедливый (very unpleasant or rude)";adjective;əbˈnɔkʃəs;;That explains everything! She likes the kind of big obnoxious guy who eats Loaders.;IT CROWD, traits
obscure;"1) неизвестный; малоизвестный (not known to many people); 2) непонятный; невразумительный, неясный (not clear and difficult to understand or see)";adjective;;vague;From the latest avant-garde groups to the most obscure medieval church music, there is always somebody ready and willing to record even the most esoteric piece of music and upload it onto the Net.;LANGUAGE COURSES
observe;"1) наблюдать, следить (за чем-л.); замечать, обращать внимание (на что-л.); 2) праздновать, отмечать; 3) соблюдать (законы, правила, обычаи)";verb;;;In the various regions of India, Hindus worship different gods and observe different religious festivals. | People must observe the law. Nobody should be an exception.;LANGUAGE COURSES, law
obstacle;помеха, преграда, препятствие;noun;ˈɔbstək(ə)l;drawback;"He sprang forward with short, stiff bounds, craning his neck as if to see over obstacles. | In his notes for such a manual, he jotted down the following ""convert pitfalls"", or what he called ""obstacles in the Orthodox mission today"".";REPEATING
obtain;"получать; доставать, добывать, приобретать";verb;;acquire, gain, get;;
obtrusive;навязчивый;adjective;;;One waitor in the restaurant was too obtrusive.;LANGUAGE COURSES
obvious;явный, очевидный;adjective;;apparent, evident;Harry and Ron headed upstairs, smothering their laughter at Malfoy's obvious rage and confusion. | Ultimately, I would like to set up my own restaurant business but I obviously need to get more experience first.;
occasional;случающийся время от времени, иногда;adjective;;;This will often make them feel special but the downside is that they may suffer occasional pangs of jealousy and loneliness when friends discuss their family life. | Though he followed her, he was still dubious, and he could not forbear an occasional halt in order more carefully to study the warning.;WHITE FANG (book)
occupation;"занятие, дело; род занятий, профессия";noun;;pursuit;In the space marked 'occupation' she wrote 'police officer'.;LANGUAGE COURSES, work
ochre;цвет охры, бледно-жёлтый, коричневато-жёлтый цвет;adjective;ˈəʊkə;;Then Mma Ramotswe set to the task of painting, and she had soon completed the outside in ochre and the inside in white.;colors, LANGUAGE COURSES
odd;"1) нечетный; 2) странный, необычный, эксцентричный, чудной";adjective;;peculiar, queer, singular, strange;His broom was old and some of the twigs stuck out at odd angles.;traits
offence;"1) проступок, нарушение чего-л.; 2) преступление, правонарушение; 3) обида, оскорбление";noun;əˈfens;;The result is a lot of fines for minor offences.;LANGUAGE COURSES
offender;"1) обидчик; оскорбитель; 2) преступник; правонарушитель";noun;;criminal, perpetrator;;violence
offhand;"импровизированно, без подготовки; экспромтом; немедленно, тотчас";adverb;ˌɒfˈhænd;off the top of one's head;I couldn't give them the figures offhand.;LANGUAGE COURSES
off the top of one's head;сходу, навскидку (from the knowledge you have in your memory);adverb;;offhand;I cannot think of any good examples off the top of my head, but give me a couple of hours and I'm sure I could come up with something.;idioms, LANGUAGE COURSES
of late;недавно;adverb;;lately, recently;His play of late has been very good, and he has the speed to stretch teams.;LANGUAGE COURSES
old;старики, пожилые люди;noun;;;Do young people generally respect the old in your country?;LANGUAGE COURSES
omen;"знак, знамение, предзнаменование; примета";noun;ˈəʊmən;;But leaving Neville lying motionless on the floor didn't feel like a very good omen.;HARRY POTTER AND THE SORCERER'S STONE (book)
one of these days;когда-нибудь (some time in the near future);adverb;;;You're going to get into serious trouble one of these days.;LANGUAGE COURSES
only;"1) единственный; 2) одинокий";adjective;;lone, single, sole, solitary;It was the only time old Jane and I ever got close to necking, even. | Researchers found that only children were more interested in intellectual, cognitive pursuits than were later-born children. | That may be why only children are more likely to show interest in academic pursuits rather than physical or outdoor activities. | The first-born is an only child until the second child comes along. | The only thing old Phoebe liked was when Hamlet patted this dog on the head.;LANGUAGE COURSES, relationship
on purpose;"с целью; нарочно";adverb;;;He wouldn't believe they were lost, was sure they were trying to break into it on purpose, and was threatening to lock them in the dungeons when they were rescued by Professor Quirrell, who was passing.;HARRY POTTER AND THE SORCERER'S STONE (book)
on the other hand;с другой стороны;phrase;;;On the other hand there are clear benefits for children, particularly if their connection is Internet enabled.;LANGUAGE COURSES
open-minded;"1) с широким кругозором, широких взглядов ; 2) восприимчивый (к новым идеям, веяниям)";adjective;;;Doctors these days tend to be more open-minded about alternative medicine.;education, LANGUAGE COURSES
ornate;богато украшенный;adjective;ɔːˈneɪt;;It was a magnificent mirror, as high as the ceiling, with an ornate gold frame, standing on two clawed feet. There was an inscription carved around the top.;HARRY POTTER AND THE SORCERER'S STONE (book), самые сложные слова
orphan;сирота;noun;;;;THE CATCHER IN THE RYE (book)
ounce;"унция; капля, чуточка";noun;aʊns;;A lot of the greatest wizards haven't got an ounce of logic, they'd be stuck in here forever.;HARRY POTTER AND THE SORCERER'S STONE (book)
outfox;перехитрить;verb;;beat, outsmart, outwit;;fraud
outlook;точка зрения, взгляд, мировоззрение, мироощущение;noun;ˈaʊtluk;;He has a fairly positive outlook on life.;LANGUAGE COURSES
outsmart;перехитрить;verb;;beat, outfox, outwit;;fraud
outward;наружный, внешний;adjective;ˈaʊtwəd;;It was Blythe, who walked with the air of a rich man, but whose outward appearance was very shabby.;appearance, REPEATING
outwit;перехитрить;verb;;beat, outfox, outsmart;;fraud
overcome;побороть, побеждать, брать верх;verb;;conquer, defeat, vanquish;;battle
oversimplify;"слишком упрощать; понимать слишком упрощённо";verb;;;Despite making some sensible points, to my mind his argument is wildly oversimplified in saying that the old days were better.;LANGUAGE COURSES
overtake;"догнать, наверстать; обогнать";verb;;;The idea of overtaking Slytherin in the house championship was wonderful, no one had done it for seven years, but would they be allowed to, with such a biased referee?;HARRY POTTER AND THE SORCERER'S STONE (book)
overwhelmed;"ошеломленный; потрясенный";adjective;;;I'm overwhelmed ... thank you so much!;holidays, LANGUAGE COURSES
pacific;"мирный, спокойный; миролюбивый";adjective;;;;
pagan;языческий;adjective;ˈpeɪgən;;The Easter egg has both pagan and Christian origins.;LANGUAGE COURSES, religion
pally;дружеский, дружественный, приятельский;adjective;ˈpælɪ;;It's like they're pally-wally when there's a problem with their printer but once it's fixed... They toss us away like yesterday's jam!;IT CROWD, relationship
palomino;темно-желтая лошадь с белой гривой (a horse that is gold in colour with a white mane and tail);noun;ˌpæləˈmiːnəʊ;;"A centaur was standing over him, not Ronan or Bane; this one looked younger; he had white blond hair and a palomino body.";animals, HARRY POTTER AND THE SORCERER'S STONE (book)
pangs;страдания, душевная боль, угрызения совести;noun;;;This will often make them feel special but the downside is that they may suffer occasional pangs of jealousy and loneliness when friends discuss their family life.;LANGUAGE COURSES, medicine
pansy;женоподобный;adjective;;;He was one of those guys that think they're being a pansy if they don't break around forty of your fingers when they shake hands with you.;appearance, THE CATCHER IN THE RYE (book), самые сложные слова
pant;бежать или идти часто и тяжело дыша;verb;pænt;;Jill and Eustace, now both very hot and very grubby from going along bent almost double under the laurels, panted up to the wall.;moving (verbs), THE SILVER CHAIR (book) 
panther;пантера;noun;;;;animals, THE CATCHER IN THE RYE (book)
parchment;пергамент;noun;;;The envelope was thick and heavy, made of yellowish parchment, and the address was written in emerald-green ink.;HARRY POTTER AND THE SORCERER'S STONE (book)
pardon;"1) извинять, прощать; 2) миловать; оставлять без наказания";verb;;;Georgian President Mikhail Saakashvili has issued a decree pardoning 201 prisoners due to the Dormition of Virgin Mary, which Orthodox believers marked on Sunday.;MYSTAGOGY
parenthesis;круглые, простые скобки;noun;pəˈrenθəsɪs;;An arithmetic expression is either a number, or a left parenthesis followed by an arithmetic expression followed by an operator followed by another arithmetic expression followed by a right parenthesis.;INFORMATION TECHNOLOGIES
particularly;особенно, особым образом;adverb;;in particular;On the other hand there are clear benefits for children, particularly if their connection is Internet enabled.;LANGUAGE COURSES
parting;"расставание, разлука; отъезд";noun;;;He thoughtfully kissed her hand before parting.;REPEATING
pass away;"скончаться; умереть";phrase;;die, perish;My grandmother passed away from an unknown fatal malady.;LANGUAGE COURSES, medicine, phrasal verbs
pass out;терять сознание;phrase;;faint;I got sort of dizzy and I thought I was going to pass out or something again. | When I was coming out of the can, right before I got to the door, I sort of passed out.;medicine, phrasal verbs, THE CATCHER IN THE RYE (book), самые сложные слова
pasty;"1) паштет; 2) пирог";noun;;;"""Starving,"" said Harry, taking a large bite out of a pumpkin pasty.";HARRY POTTER AND THE SORCERER'S STONE (book), meal
pat;"потрепать; поглаживать";verb;;stroke;Dumbledore reached out and patted her on the shoulder. | He was all through combing his hair and patting it and all, so he left. | The only thing old Phoebe liked was when Hamlet patted this dog on the head.;THE CATCHER IN THE RYE (book)
patch;"латать; ставить заплаты";verb;;;This hat was patched and frayed and extremely dirty.;HARRY POTTER AND THE SORCERER'S STONE (book)
paw;бить копытом (о лошади);verb;;;The horse pawed the ground.[Конь бил копытами.];animals, REPEATING
peculiar;"1) специфический, особенный, своеобразный, отдельный; 2) странный, эксцентричный, необычный";adjective;;odd, queer, singular, strange;It was a childish thing to say, but I was feeling so damn peculiar.;traits
pedigree;генеалогия, родословная;noun;ˈpedɪgriː;;He breeds pedigree poodles.;LANGUAGE COURSES
peek;"заглядывать; взглянуть украдкой";verb;;glance;Holden, don't you even peek at me. I'm a mess.;glance, THE CATCHER IN THE RYE (book), самые сложные слова
peer;"вглядываться; всматриваться";verb;;;Indeed, many become extremely uneasy if unable to contact their peers countless times each day, fearing they are becoming socially isolated. | While Mrs. Dursley was in the bathroom, Mr. Dursley crept to the bedroom window and peered down into the front garden.;glance, HARRY POTTER AND THE SORCERER'S STONE (book)
peer;"ровня, равный (по положению, способностям); ровесник, сверстник";noun;pɪə;;;LANGUAGE COURSES, relationship
pelt;"забрасывать (камнями); обстреливать";verb;;rake;He pelts Dumbledore with owls every morning, asking for advice. | Next moment, thirty or forty letters came pelting out of the fireplace like bullets.;arms, HARRY POTTER AND THE SORCERER'S STONE (book)
people person;someone who is happier or more skilled at dealing with people rather than things or concepts;noun;;;Berg was an outgoing young man and a people person who always had something good to say about someone, said Devin Deslatte, a friend.;LANGUAGE COURSES, traits, work
perceive;"1) воспринимать, понимать, осознавать (become conscious of); 2) ощущать, различать, чувствовать (to become aware of through the senses)";verb;pəˈsiːv;;They perceived themselves finite and small.;REPEATING, самые сложные слова
perception;восприятие, ощущение;noun;;;One bedrock principle of any service policy is the perception of fairness.;INFORMATION TECHNOLOGIES
perch;"усесться; взгромоздиться; забраться";verb;;;Perched on top of the rock was the most miserable little shack you could imagine. | Twelve feet tall, its skin was a dull, granite gray, its great lumpy body like a boulder with its small bald head perched on top like a coconut.;HARRY POTTER AND THE SORCERER'S STONE (book)
perform;"1) исполнять, выполнять (carry out an action); 2) выступать; представлять";verb;;execute;Then Hermione had performed a tricky little charm so that the paint flashed different colors.;
perilous;опасный, рискованный;adjective;;dangerous, risky;;сложные слова
perish;"погибать; умирать";verb;;die, pass away;;medicine
permit;"1) позволять, разрешать, давать возможность; 2) допускать";verb;;allow, let;;
perpetrator;"преступник; нарушитель";noun;;criminal, culprit, offender;;violence
persimmon;хурма;noun;pəˈsɪmən;;One way to consume very ripe persimmons, which can have the texture of pudding, is to remove the top leaf with a paring knife and scoop out the flesh with a spoon.;plants, REPEATING
persist;"1) упорствовать; упрямиться; 2) настоять; 3) настойчиво продолжать";verb;;insist;;
personality;индивидуальность, личность;noun;;;It is the interaction between these contrasting personalities that provides most of the humour in the show.;LANGUAGE COURSES
personification;"персонификация, олицетворение; воплощение";noun;;embodiment;She played a character who was the personification of evil.;appearance, LANGUAGE COURSES
persuade;"1) убеждать, уверять; 2) уговаривать, упросить";verb;pərˈsweɪd;convince;;
pervert;"извращенный человек; извращенец";noun;;;I didn't know then that the goddam hotel was full of perverts and morons. | I figured it was some perverty bum that'd sneaked in the school late at night to take a leak or something and then wrote it on the wall.;odd people, THE CATCHER IN THE RYE (book), самые сложные слова
petrify;превращать(ся) в камень, окаменевать;verb;;;The cub was in a frenzy of terror, yet he lay without movement or sound, frozen, petrified into immobility, to all appearances dead.;WHITE FANG (book)
pewter;сплав на оловянной основе;noun;;;Cauldrons - All Sizes - Copper, Brass, Pewter, Silver - Self-Stirring - Collapsible, said a sign hanging over them.;HARRY POTTER AND THE SORCERER'S STONE (book)
philistine;мещанин, обыватель, филистер (человек с узким, ограниченным умственным кругозором и ханжеским поведением);noun;ˈfɪlɪstaɪn;;I wouldn't have expected them to enjoy a film of that quality anyway - they're just a bunch of philistines!;LANGUAGE COURSES
phony;"поддельный, фальшивый; ложный";adjective;;mock;I should've given her a phony name, but I didn't think of it. | She probably knew what a phony slob he was. | Then, when she was all done whispering and being cute as hell, she'd sing some dopey song, half in English and half in French, and drive all the phonies in the place mad with joy.;THE CATCHER IN THE RYE (book), traits
physical;медосмотр;noun;;;He and I were sitting in the first two chairs outside the goddam infirmary, the day school opened, waiting for our physicals, and we sort of struck up this conversation about tennis.;medicine, THE CATCHER IN THE RYE (book)
pick;"1) выбирать, отбирать; собирать; 2) рвать, срывать; 3) ковырять, подковыривать";verb;;choose, pick out, select;He also started picking his nose. | We picked our way through small groves of red-berried mountain ash and larger stands of oak.;THE CATCHER IN THE RYE (book)
pickle;"солить; мариновать";verb;;;It was colder here than up in the main castle, and would have been quite creepy enough without the pickled animals floating in glass jars all around the walls.;HARRY POTTER AND THE SORCERER'S STONE (book), самые сложные слова
pick on;придираться (to criticize, punish or be unkind to the same person often and unfairly);phrase;;;We've just got to make sure we play a clean game, so Snape hasn't got an excuse to pick on us.;HARRY POTTER AND THE SORCERER'S STONE (book), phrasal verbs
pick out;"выдергивать, выковыривать; выбирать";phrase;;choose, pick, select;Mr. Dursley hummed as he picked out his most boring tie for work.;phrasal verbs
pick up;"1) поднимать, подбирать; 2) to learn a new skill or language by practising it rather than being taught it";phrase;;;"Harry picked up the top parcel. It was wrapped in thick brown paper and scrawled across it was ""To Harry, from Hagrid"". | When you live in a country you soon pick up the language.";education, LANGUAGE COURSES, phrasal verbs
picky;разборчивый, требовательный;adjective;;;The compiler is quite picky about default element values.;INFORMATION TECHNOLOGIES
pierce;пронзать, протыкать, прокалывать;verb;;prick, prod, stick, thrust;;
piercing;"острый; пронизывающий; пронзительный; резкий";adjective;;cutting, keen, sharp;A piercing, bloodcurdling shriek split the silence - the book was screaming!;
pigeonhole;навешивать ярлыки (предвзято);verb;;;In the old days, we were far more stereotyped and more pigeonholed by our nationality or where we lived.;LANGUAGE COURSES
pigtail;"косичка; коса";noun;;;a pink-faced girl with blonde pigtails;HARRY POTTER AND THE SORCERER'S STONE (book)
pike;щука;noun;;;;fish, REPEATING
pimple;"прыщ; гнойничок";noun;;;He started talking in this very monotonous voice, and picking at all his pimples. | He stuck around till around dinnertime, talking about all the guys at Pencey that he hated their guts, and squeezing this big pimple on his chin. | That guy had just about everything: sinus trouble, pimples, lousy teeth, halitosis, crumby fingernails.;appearance, THE CATCHER IN THE RYE (book)
pince-nez;пенсне;noun;ˌpæn(t)sˈneɪ;;Mr. Borgin fixed a pair of pince-nez to his nose and looked down the list.;HARRY POTTER AND THE CHAMBER OF SECRETS (book)
pinch;ущипнуть, щипать(ся);verb;;nip;One small hand closed on the letter beside him and he slept on, not knowing that he would spend the next few weeks being prodded and pinched by his cousin Dudley.;
pinnacle;"1) остроконечная башенка (архит.); 2) вершина, пик";noun;ˈpɪnəkl;;Perhaps the sun is gilding now the pinnacles and domes of the city.;REPEATING
pious;"набожный; благочестивый";adjective;;;;LANGUAGE COURSES, religion
pissed;мертвецки пьяный;adjective;;;;holidays, LANGUAGE COURSES
pitch;"1) смола, деготь; 2) бросок, подача; 3) высота, уровень, степень; 4) уклон, скат, наклон";noun;;;black as pitch[тьма кромешная];
pitch;"1) ставить, раскидывать, разбивать, располагаться лагерем; 2) бросать, кидать, подавать; 3) смолить";verb;;cast, chuck, fling, hurl, tar, throw, toss;pitch one's tent[разбивать палатку, поселиться];
pitfall;"1) птичий силок, ловушка; волчья яма, западня; 2) подвох, подводный камень; западня, ловушка";noun;ˈpɪtfɔːl;;"In his notes for such a manual, he jotted down the following ""convert pitfalls"", or what he called ""obstacles in the Orthodox mission today"".";animals, MYSTAGOGY
plague;"1) мор, эпидемия; чума; 2) наплыв, нашествие";noun;pleɪg;;"Because of man's sin, the earth produces thorns; because of sin, there is infertility; because of sin, there are droughts, floods, earthquakes, plagues, and destructive insects such as grasshoppers and caterpillars. | They came on like locusts in a plague.";medicine, REPEATING
plaice;камбала;noun;;;;fish
plain;"простой; ясный, понятный; явный, очевидный";adjective;;clear, distinct, lucid;;
plaque;именная дощечка, пластинка с названием учреждения;noun;ˈplɑːk;;They climbed two more flights until they reached a door with peeling paint and a small plaque on it, saying RONALD'S ROOM.;HARRY POTTER AND THE CHAMBER OF SECRETS (book)
platter;большое плоское блюдо;noun;;;"A hundred fat, roast turkeys; mountains of roast and boiled potatoes; platters of chipolatas; tureens of buttered peas, silver boats of thick, rich gravy and cranberry sauce - and stacks of wizard crackers every few feet along the table.";HARRY POTTER AND THE SORCERER'S STONE (book), tableware
pleasure;наслаждение, удовольствие;noun;;delight, enjoyment, gratification, treat;;
pluck up one's courage;"набраться храбрости; отважиться (to force yourself to be brave enough to do something, although you are frightened or worried about it)";phrase;;steel oneself;But her thirst was very bad now, and she plucked up her courage to go and look for that running water.;fear, idioms, THE SILVER CHAIR (book) 
plunge;"нырять; окунать; погружать(ся)";verb;;dip, immerse;He plunged into the river. | They plunged even deeper, passing an underground lake where huge stalactites and stalagmites grew from the ceiling and floor.;HARRY POTTER AND THE SORCERER'S STONE (book)
pointed;"остроконечный; заостренный";adjective;;;He had a swarthy, clever face, a pointed beard and, Harry noticed, very long fingers and feet.;HARRY POTTER AND THE SORCERER'S STONE (book)
poke;"1) совать, тыкать, пихать; 2) нанести удар, ударить; ударить кулаком";verb;;horn in, jab, pound, thump;to poke one's nose into other people's business[совать нос в чужие дела ];LANGUAGE COURSES
pole;"столб, шест, жердь; веха, кол";noun;pəʊl;post;At either end of the field were three golden poles with hoops on the end.;HARRY POTTER AND THE SORCERER'S STONE (book)
polecat;хорек;noun;;ferret;Bill always said Boss Perry smelled like a polecat and was twice as ugly.;animals, REPEATING
polite;вежливый, учтивый, любезный;adjective;;civil, courteous, refined;;traits
poll;"1) проводить голосование; голосовать, участвовать в голосовании; 2) получать голоса";verb;;;Half the children polled recently said their lifestyle 'required' them to have a mobile phone. | With nearly all the votes counted, Mr Soto had polled 67% of the vote.;LANGUAGE COURSES
pollute;"загрязнять; осквернять";verb;;contaminate;;pollution
ponderous;"тяжеловесный, тяжёлый, увесистый; громоздкий, массивный";adjective;;;When you use the built-in null to indicate the absence of an object, you must test a reference for null-ness every time you use it. This can get very tedious and produce ponderous code.;INFORMATION TECHNOLOGIES
pop;"отрывистый звук; хлоп; выстрел (a sharp explosive sound as from a gunshot or drawing a cork) ";noun;;;There was a pop, and a little man with wicked, dark eyes and a wide mouth appeared, floating crosslegged in the air, clutching the walking sticks.;arms, HARRY POTTER AND THE SORCERER'S STONE (book), sounds
pop in;заходить ненадолго, заглянуть;phrase;;;He popped in at the office for two minutes. | Why don't you pop in and see us this afternoon?;LANGUAGE COURSES, phrasal verbs
pop up;неожиданно возникнуть (appear suddenly or unexpectedly);phrase;;;He could pop up as suddenly as any of the ghosts.;HARRY POTTER AND THE SORCERER'S STONE (book), phrasal verbs
porcelain;фарфоровый;adjective;ˈpɔːs(ə)lɪn;;The tea cups are porcelain.;LANGUAGE COURSES, materials
porch;крыльцо, подход, подъезд;noun;;;;
porcupine;дикобраз;noun;;;Having sexual relations with a porcupine is illegal in Florida.;animals, REPEATING
portly;дородный, полный, тучный;adjective;;;portly man[тучный человек];appearance
pose;"1) ставить в определенную позу, позировать, красоваться; 2) выдавать себя (за кого-л), притворяться кем-л.; 3) озадачивать, ставить в тупик";verb;;;He posed as a famous artist. | Partitioning also enables database designers and administrators to tackle some of the toughest problems posed by cutting-edge applications.;REPEATING
pose;поза;noun;;posture;;
possible;вероятный, возможный;adjective;;probable;as soon as possible[при первой возможности] | do one's possible[делать все возможное];
post;"1) почта; 2) столб; кол, шест";noun;;pole;"""Three Chasers try and score with the Quaffle; the Keeper guards the goal posts; the Beaters keep the Bludgers away from their team,"" Harry reeled off. | What a feeling - he swooped in and out of the goal posts and then sped up and down the field.";HARRY POTTER AND THE SORCERER'S STONE (book)
postpone;откладывать, отсрочивать;verb;;defer, delay, put off;;
posture;"поза, положение; осанка";noun;;pose;I mean he was all stooped over, and he had very terrible posture.;THE CATCHER IN THE RYE (book)
potion;"зелье; снадобье";noun;;;Hagrid wouldn't let Harry buy a solid gold cauldron, but they got a nice set of scales for weighing potion ingredients and a collapsible brass telescope. | Still, first-year Gryffindors only had Potions with the Slytherins, so they didn't have to put up with Malfoy much.;HARRY POTTER AND THE SORCERER'S STONE (book)
pottery;"керамика; гончарные изделия; глиняная посуда";noun;;;Pottery and straw baskets and all stuff like that.;tableware, THE CATCHER IN THE RYE (book), самые сложные слова
pound;"сильно бить, наносить тяжелый удар; колотить";verb;;beat, poke, pummel, thump;;striking (verbs)
precious;"ценный; драгоценный; дорогой";adjective;;;Life had ceased to be so very precious to him without Julie.;
precipice;обрыв, пропасть;noun;ˈpresɪpɪs;;She didn't mind in the least standing on the edge of a precipice.;THE SILVER CHAIR (book) 
prefect;"1) префект; 2) староста класса, следящий за дисциплиной";noun;;;"""Oh, are you a prefect, Percy?"" said one of the twins, with an air of great surprise.";HARRY POTTER AND THE SORCERER'S STONE (book)
premature;"преждевременный; поспешный";adjective;;;I was a little premature in my calculations.;THE CATCHER IN THE RYE (book)
pretty;"прелестный; привлекательный; миловидный; хорошенький";adjective;;beautiful, bonny, good-looking, handsome;;appearance
prick;колоть, уколоть, кольнуть, прокалывать;verb;;pierce, prod, stick;;
probable;вероятный, возможный, правдоподобный;adjective;;possible;;
proceed;"1) продолжать, продолжать говорить; 2) возобновлять; 3) отправляться";verb;;carry on, continue, go on, keep on;Please proceed![Продолжайте, пожалуйста!] | to proceed to go to bed[отправляться спать];
prod;тыкать, колоть, пронзать;verb;;pierce, prick, stick;One small hand closed on the letter beside him and he slept on, not knowing that he would spend the next few weeks being prodded and pinched by his cousin Dudley.;HARRY POTTER AND THE SORCERER'S STONE (book)
prodigious;чрезмерный, непомерный, очень большой (о способностях, силе, величине, количестве);adjective;;;But if they could fast prodigiously, they could feed prodigiously, and soon a few scattered bones were all that remained of the splendid live brute that had faced the pack a few hours before.;WHITE FANG (book)
professional development;повышение квалификации;noun;;;The focus has been on increasing the quality and quantity of professional development.;LANGUAGE COURSES, work
profitable;прибыльный, выгодный, доходный;adjective;;lucrative;;
profound;"1) сильный, глубокий; чрезвычайный; 2) глубокий, основательный; мудрый";adjective;;;Zeal, however, must be accompanied by a profound sobriety and humility.;MYSTAGOGY
prohibit;запрещать;verb;;ban, forbid;;
prompt;"1) быстрый, проворный, расторопный; 2) исполнительный, услужливый";adjective;;fast, quick, rapid, speedy, swift;;
prop;"подпирать; снабжать подпорками; поддерживать";verb;;;He shook his fist angrily at the gleaming eyes and began securely to prop his moccasins before the fire.;picnic, REPEATING
propel;"толкать вперёд; двигать (to push or move something somewhere, often with a lot of force)";verb;prəˈpel;;;INFORMATION TECHNOLOGIES
propose;"1) предлагать, вносить предложение; 2) предполагать; 3) намереваться";verb;;suggest;;
proprietor;"собственник, владелец; обладатель, хозяин";noun;prəˈpraɪətə;;Her friend, proprietor of Tlokweng Road Speedy Motors brought her an old typewriter which was surplus to his own requirements and which worked quite well.;LANGUAGE COURSES, work
prosper;процветать, преуспевать;verb;;flourish, thrive;;
prostitute;"1) продажный человек; человек, продающий свои убеждения; 2) потаскушка (разг.)";noun;;whore;;odd people, THE CATCHER IN THE RYE (book)
protest;протестовать, возражать;verb;;contradict, mind, object;;
proud;"1) гордый; 2) надменный; высокомерный; самодовольный";adjective;;arrogant, conceited, vain;As he looked at Dudley in his new knickerbockers, Uncle Vernon said gruffly that it was the proudest moment of his life.;traits
provide;"снабжать, обеспечивать; предоставлять, давать";verb;;supply;;
psychic;медиум;noun;;;;THE CATCHER IN THE RYE (book), самые сложные слова
puke;"рвать; тошнить";verb;;vomit;I could puke every time I hear it.;THE CATCHER IN THE RYE (book)
pull;"1) тянуть, натягивать, растягивать; тащить; 2) дергать, выдергивать; 3) плыть, грести";verb;;drag, draw;And she pulled a heavy book from the stack on the mantelpiece.;
pull smb.'s leg;"морочить голову кому-л.; дурачить";phrase;;;If I find you've been pulling my leg I'll never speak to you again.;idioms, THE SILVER CHAIR (book) 
pummel;бить, избивать (особенно кулаками);verb;ˈpʌm(ə)l;pound, thump;The boxer had pummelled his opponent into submission by the end of the fourth round.;HARRY POTTER AND THE CHAMBER OF SECRETS (book), striking (verbs)
pun;"игра слов; каламбур";noun;;;"This is a well-known joke based on a pun: ""What's black and white and red all over?"" ""A newspaper.""";LANGUAGE COURSES
punch;"1) пробивать, проделывать отверстия; 2) бить кулаком (deliver a quick blow to)";verb;;;He punched me in the stomach.;striking (verbs)
puncture;"укол; прокол (a small hole made by a sharp object) ";noun;;;He had just thought of something that made him feel as though the happy balloon inside him had got a puncture.;HARRY POTTER AND THE SORCERER'S STONE (book)
pure;"чистый, беспримесный; ясный; простой";adjective;;mere, sheer;;materials
purge;"очищать, прочищать; счищать, удалять (что-л.)";verb;;;The new state governor has promised to purge the police force of corruption.;INFORMATION TECHNOLOGIES
purpose;"цель, назначение, намерение; результат, успех";noun;;aim, end, goal, objective, target;The obligation to be in a particular place at a particular time, working as part of a team towards a common goal, gives us a sense of structure and purpose that we find difficult to impose on ourselves.;
pursuit;"1) преследование; гонение, погоня; 2) занятие, дело; профессия";noun;pəˈsjuːt;occupation;Researchers found that only children were more interested in intellectual, cognitive pursuits than were later-born children. | That may be why only children are more likely to show interest in academic pursuits rather than physical or outdoor activities.;LANGUAGE COURSES, work
push;"1) толкать, проталкивать(ся); 2) нажимать; 3) подвинуть, задвинуть";verb;;jostle, shove, thrust;Malfoy, Crabbe, and Goyle pushed roughly past the tree, scattering needles everywhere and smirking.;
put off;"1) откладывать; 2) мешать, отвлекать";phrase;;defer, delay, postpone;;phrasal verbs
put out;"тушить; гасить";phrase;;smother;A few days ago the fire brigade were called to the prison to put out a fire.;LANGUAGE COURSES, phrasal verbs
putrid;"1) гнилой; вонючий; испорченный; 2) мерзкий, отвратительный";adjective;;stale;The band was putrid.;THE CATCHER IN THE RYE (book), самые сложные слова
put up with;мириться c (кем-л./чем-л.), сносить, терпеть (что-л.);phrase;;bear, endure, make up, stand;Still, first-year Gryffindors only had Potions with the Slytherins, so they didn't have to put up with Malfoy much.;HARRY POTTER AND THE SORCERER'S STONE (book), phrasal verbs
quake;"дрожать, трястись; колебаться, качаться";verb;;quiver, shake, shiver, tremble;;fear, violence
quality time;свободное время, посвящённое общению с людьми, семьёй или какому-л. полезному занятию;noun;;;Whenever I'm not working I try to spend quality time with my children.;LANGUAGE COURSES, work
qualm;сомнения, сомнение в своей правоте;noun;kwɒm;;Do you have any particular qualms about leaving Pencey?;THE CATCHER IN THE RYE (book), самые сложные слова
quarrel;"спорить; оспаривать (что-л.), не соглашаться с (чем-л.)";verb;;brawl, wrangle;;
queasy;"слабый; испытывающий тошноту";adjective;ˈkwiːzɪ;;If only the hat had mentioned a house for people who felt a bit queasy, that would have been the one for him.;HARRY POTTER AND THE SORCERER'S STONE (book), самые сложные слова
queer;"1) странный, чудаковатый, эксцентричный; 2) пьяный; 3) гомосексуальный";adjective;;odd, peculiar, singular, strange;;traits
quench;утолять (жажду);verb;;allay;He had a thirst that was seldom quenched. | You didn't need to drink much of it, for it quenched your thirst at once.;THE SILVER CHAIR (book) 
quick;"быстрый, скорый; проворный, прыткий";adjective;;fast, prompt, rapid, speedy, swift;;
quid;фунт стерлингов (разг.);noun;;;Okay. Yeah, I'll give you 20 quid if you get one response.;IT CROWD
quiet;"1) тихий, бесшумный, неслышный; 2) спокойный, мирный";adjective;ˈkwaɪət;calm, still;Harry hissed at her to be quiet and beckoned them all forward.;
quiver;"дрожать мелкой дрожью, трястись; трепетать";verb;;quake, shake, shiver, tremble;It didn't so much as quiver when a car door slammed on the next street, nor when two owls swooped overhead.;fear, violence
quotient;"частное, отношение; часть, доля; коэффициент";noun;ˈkwəʊʃənt;;intelligence quotient[коэффициент умственного развития (IQ)];
rack;"вешалка; полка";noun;;;She was looking up at my suitcases, up on the rack.;THE CATCHER IN THE RYE (book), самые сложные слова
racket;"шум; гам";noun;;din, uproar;I had to be careful not to bump into anything and make a racket.;THE CATCHER IN THE RYE (book)
raft;сплавлять(ся) по реке;verb;;;In November, a Texas man was killed and his wife injured in a sniper attack as they were rafting along the Rio Grande in west Texas.;holidays, LANGUAGE COURSES
rage;"ярость, гнев; бешенство, неистовство; страсть, сильное стремление";noun;;anger, fury;Harry and Ron headed upstairs, smothering their laughter at Malfoy's obvious rage and confusion.;violence
ragged;"1) неровный, шероховатый, зазубренный; 2) рваный, оборванный, поношенный";adjective;;battered, beat-up, frayed, shabby, worn-out;;clothes
railing;ограда, перила;noun;;fencing;A lively and charming girl bent over the gallery railing and smiled down at Goodwin.;REPEATING
raise;"поднимать; повышать";verb;;elevate, hoist, lift;;
rake;"1) грабли; 2) распутник; развратник";noun;;;He was a real rake and all, but he knocked women out.;arms, odd people, THE CATCHER IN THE RYE (book)
rake;"1) рыхлить, разравнивать граблями; 2) скрести, царапать; скоблить; 3) обстреливать продольным огнём (воен.)";verb;;pelt;They raked them: they mowed them like wheat.;REPEATING
ram;втискивать, запихивать (куда-л.);verb;;cram, jampack;He rammed the key into the lock and turned - it worked.;HARRY POTTER AND THE SORCERER'S STONE (book)
ramble;"бродить, бродить без цели; прогуливаться";verb;;stray, wander;;moving (verbs), сложные слова
ransom;выкуп;noun;;;Art experts speculated that the thieves might demand a ransom from the government because the works were too well known to be sold on the open market.;LANGUAGE COURSES
rap;"слегка ударять; стучать";verb;;knock, tap;Hagrid himself was asleep on the collapsed sofa, and there was an owl rapping its claw on the window.;HARRY POTTER AND THE SORCERER'S STONE (book), striking (verbs)
rapid;"быстрый, скорый; скоростной";adjective;;fast, prompt, quick, speedy, swift;;
rapport;хорошие взаимоотношения, взаимопонимание, понимание;noun;ræˈpɔː;;She really can establish good rapport with people.;LANGUAGE COURSES, relationship, work
raspy;скрипучий;adjective;;;He had one of these very raspy voices, and he never stopped talking, practically.;THE CATCHER IN THE RYE (book)
rattle;"1) грохотать; греметь; 2) дребезжать; побрякивать";verb;;;Spray from the high waves splattered the walls of the hut and a fierce wind rattled the filthy windows. | They heard him zooming away, rattling coats of armor as he passed. | They went rattling over an underground ravine, and Harry leaned over the side to try to see what was down at the dark bottom.;HARRY POTTER AND THE SORCERER'S STONE (book), sounds
rave about;"быть в исступлении; бесноваться; психовать; беситься";phrase;;;They're not as bad as movies, but they're certainly nothing to rave about.;phrasal verbs, THE CATCHER IN THE RYE (book), самые сложные слова
ravine;"ущелье; овраг";noun;rəˈviːn;;They went rattling over an underground ravine, and Harry leaned over the side to try to see what was down at the dark bottom.;HARRY POTTER AND THE SORCERER'S STONE (book)
reach;"1) протягивать, вытягивать; 2) достигать, добиваться; 3) доходить, добираться (до), доезжать";verb;;achieve, attain;"""Well, it's true,"" Harry chortled as they reached the top of the marble staircase, ""If he hadn't stolen Neville's Remembrall I wouln't be on the team...""";
reach out;протягивать руку за чем-л.;phrase;;;Dumbledore reached out and patted her on the shoulder.;HARRY POTTER AND THE SORCERER'S STONE (book), phrasal verbs
rebellious;"1) мятежный; повстанческий, бунтующий; восставший; 2) непослушный; непокорный";adjective;;;This may be a sign of the last-born's rebellious streak - a result of being fed up with always being bossed about by everyone else in the family.;
recall;"вспоминать; воскрешать (в памяти)";verb;;retrieve;I recall my early days with the Ext framework, when I started learning by toying with the examples and reading the API documentation.;INFORMATION TECHNOLOGIES
receipt;"расписка в получении; квитанция";noun;;;Will you send it to the hotel with a receipt?[Отошлите это, пожалуйста, в гостиницу с чеком.];holidays, LANGUAGE COURSES
recently;"недавно; на днях; в последнее время";adverb;;lately, of late;Half the children polled recently said their lifestyle 'required' them to have a mobile phone. | One company has recently produced a revision mock exam question service for delivery via SMS.;LANGUAGE COURSES
recess;"уединённое, укромное место; тайник; тихий уголок";noun;rɪˈses;;in the inmost recesses of the soul[в глубине души] | Psychoanalysts aim to explore the deepest recesses of the mind.;REPEATING, самые сложные слова
recite;"читать вслух; повторять по памяти";verb;;;;
reckon;"1) считать; считать в уме; вычислять; 2) думать; полагать";verb;ˈrekən;estimate;Most of us reckon he's still out there somewhere but lost his powers.;HARRY POTTER AND THE SORCERER'S STONE (book)
recluse;"1) затворник; затворница; 2) отшельник; отшельница; анахорет";noun;rɪˈkluːs;;The abbot's wise counsel could not tame Nikita's ambitious desire to be a recluse.;MYSTAGOGY, religion
recognize;"узнавать; опознавать; распознавать; осознавать";verb;;;For one thing, he'd help you to recognize the patterns of your mind.;
reconcile;"1) мирить, помирить, примирить; 2) привыкать, примиряться (с невзгодами, несправедливостью и т. п.)";verb;ˈrek(ə)nsaɪl;make it up with smb.;They were finally reconciled with each other, after not speaking for nearly five years.;LANGUAGE COURSES, relationship
recover;"восстанавливать; выздоравливать";verb;;recuperate;It's just that I'm practically just recovering from a very serious operation.;medicine, THE CATCHER IN THE RYE (book)
recuperate;"восстанавливать; выздоравливать";verb;;recover;I'm still recuperating.;medicine, THE CATCHER IN THE RYE (book)
redden;"1) окрашивать(ся) в красный цвет; 2) краснеть";verb;;blush, flush;;appearance
reduce;ослаблять, понижать, сокращать, уменьшать;verb;;scale down;;
reel;"1) наматывать (на катушку), разматывать; 2) идти пошатываясь, шататься, качаться";verb;;stagger;The drunkard went reeling home.;moving (verbs), сложные слова
reel off;быстро, без остановки читать, рассказывать;phrase;;;"""Three Chasers try and score with the Quaffle; the Keeper guards the goal posts; the Beaters keep the Bludgers away from their team,"" Harry reeled off.";HARRY POTTER AND THE SORCERER'S STONE (book), phrasal verbs
refined;"1) очищенный, рафинированный; освобождённый от примесей; 2) изысканный, изящный, утончённый, благородный (о манерах)";adjective;;neat, polite, suave, well-bred;;LANGUAGE COURSES, traits
refugee;беженец;noun;ˌrefjʊˈʤiː;;Overland, above the dark seas, wild refugees flee the seasons drifting beyond the night clouds in the wake of their guiding star.;SONGS
reinforce;укреплять, усиливать;verb;;;To reinforce your knowledge of streams acquired in the previous section, let's explore another System.IO capability that was added a few .NET Framework versions ago: (named) pipes.;INFORMATION TECHNOLOGIES
relate;"рассказывать; устанавливать связь, связывать";verb;;narrate, tell;;
release;"1) освобождать, отпускать; 2) выпускать (в свет, на волю); 3) увольнять, демобилизовать";verb;;discharge, dismiss, fire, sack;;
relieve;"облегчать, ослаблять, уменьшать; успокаивать";verb;;allay, alleviate;"Harry was very relieved to find out that he wasn't miles behind everyone else. | Mr. Ronald Weasley and Miss Granger will be most relieved you have come round, they have been extremely worried. | ""Strange how nearsighted being invisible can make you,"" said Dumbledore, and Harry was relieved to see that he was smiling.";HARRY POTTER AND THE SORCERER'S STONE (book)
relieve oneself;"испражниться; помочиться (to urinate or defecate)";phrase;;take a leak;The way I met her, this Doberman pinscher she had used to come over and relieve himself on our lawn, and my mother got very irritated about it.;idioms, THE CATCHER IN THE RYE (book)
remnant;"остаток; остатки (a small part or portion that remains after the main part no longer exists)";noun;;;The sarcophagus held the remnants of Madame Dorine.;REPEATING
remorse;угрызения совести (when you feel very guilty and sad about something you have done);noun;rɪˈmɔːs;;"""Hagrid!"" said Harry, shocked to see Hagrid shaking with grief and remorse, great tears leaking down into his beard.";HARRY POTTER AND THE SORCERER'S STONE (book), самые сложные слова
renovate;подновлять, ремонтировать;verb;;;to renovate the flat[делать ремонт в квартире];
rent;"1) сдавать или брать в аренду; 2) давать или брать напрокат; 3) рвать, раздирать, разрывать";verb;;hire;How much does it cost to rent a surfboard?[Сколько стоит аренда доски для серфинга?];
repair;ремонтировать, чинить, исправлять;verb;;fix, mend;He had commuted to the bay area for about a year but was now working for a local newspaper repairing computers and other various electronic equipment. | It was a bit late to repair the damage, but Harry swore to himself not to meddle in things that weren't his business from now on.;
repentance;"покаяние; сожаление, раскаяние";noun;;;God did not pronounce the punishment immediately but after waiting a period of time for their repentance.;MYSTAGOGY, religion
reply;"отвечать; отвечать на возражение по иску";verb;;answer, respond;;
report;"1) отчёт, доклад, рапорт; 2) хлопок (обычно от звука взрыва, выстрела)";noun;rɪˈpɔːt;;The report of the pistol echoed through the air.;arms, REPEATING, sounds
reproach;"упрекать; укорять; порицать";verb;;;;REPEATING
repulsive;"отталкивающий; омерзительный; отвратительный (so extremely ugly as to be terrifying)";adjective;;;I won't even tell you what they did to him - it's too repulsive - but he still wouldn't take it back, old James Castle.;THE CATCHER IN THE RYE (book), самые сложные слова
request;"1) просьба; 2) требование, запрос; 3) спрос; 4) заявка";noun;;claim, demand, requirement;;
require;требовать, нуждаться;verb;;call for, demand;Half the children polled recently said their lifestyle 'required' them to have a mobile phone.;
requirement;"требование, необходимое условие; нужда, потребность";noun;;claim, demand, request;;
rescue;"спасать; избавлять";verb;;;He wouldn't believe they were lost, was sure they were trying to break into it on purpose, and was threatening to lock them in the dungeons when they were rescued by Professor Quirrell, who was passing.;HARRY POTTER AND THE SORCERER'S STONE (book)
resemble;"иметь сходство; быть похожим";verb;;look like, take after smb.;He merely sprang to the side and ran stiffly ahead for several awkward leaps, in carriage and conduct resembling an abashed country swain.;appearance
resign;увольняться по собственному желанию, уходить в отставку (to give up a job or position by telling your employer that you are leaving);verb;rɪˈzaɪn;retire;I'm going to resign from my job and go travelling for a year.;work
resolve;решимость, решительность, смелость;noun;rɪˈzɔlv;;His smile changed into a look of calm resolve.;REPEATING, самые сложные слова
respond;"отвечать; делать в ответ, отплатить; реагировать; отзываться";verb;;answer, reply;68 percent of children who responded to DoCoMo survey and owned a mobile phone said they got poor grades at school.;
retire;"удаляться, уходить; уходить в отставку, на пенсию";verb;;resign;Since retiring from the company, she has done voluntary work for a charity.;LANGUAGE COURSES, work
retort;"резко возражать; отвечать на оскорбление или обиду (to answer someone quickly in an angry or funny way)";verb;rɪˈtɔːt;;"""Not as surprised as I am to see you in a shop, Weasley,"" retorted Malfoy.";HARRY POTTER AND THE CHAMBER OF SECRETS (book)
retreat;"отступать; удаляться; уходить";verb;;back out, withdraw;;battle
retrieve;"1) отыскать, вернуть себе; взять обратно (to find and bring back something); 2) восстановить в памяти, вспомнить; 3) извлекать (хранимую) информацию (IT)";verb;;recall;Computers are used to store and retrieve information efficiently. | The CACHE hint instructs the optimizer to place the blocks retrieved for the table at the most recently used end of the LRU list in the buffer cache when a full table scan is performed. | We taught our dog to retrieve a ball.;INFORMATION TECHNOLOGIES
reunion;"воссоединение; встреча после разлуки (a social event for a group of people who have not seen each other for a long time)";noun;;;We're having a family reunion next week.;LANGUAGE COURSES, relationship
reveal;"обнаруживать, показывать; раскрывать; разоблачать";verb;;;He revealed red gums and the smooth, ivory daggers of his teeth.;REPEATING
revenge;мстить;verb;;avenge;;violence
reversible;"двусторонняя ткань; костюм из двусторонней ткани";noun;;;;clothes, THE CATCHER IN THE RYE (book)
revise;to prepare for a test by studying books and notes from your lessons;verb;;;I have an exam tomorrow, so I should revise tonight.;education, LANGUAGE COURSES
rev up;увеличивать число оборотов (двигателя);phrase;;;"""If the Dursleys wake up, I'm dead,"" said Harry as he tied the rope tightly around a bar and Fred revved up the car.";HARRY POTTER AND THE CHAMBER OF SECRETS (book), phrasal verbs
ridiculous;"1) смехотворный; смешной; 2) нелепый";adjective;;funny, humorous;;LANGUAGE COURSES, laught and smile, traits
riffraff;"подонок; сволочь; отбросы общества (worthless people)";noun;;;You hang around with riffraff like the Weasleys and that Hagrid, and it'll rub off on you.;HARRY POTTER AND THE SORCERER'S STONE (book), odd people
right;"1) правый; 2) справедливый; 3) верный, правильный";adjective;;fair, just;;
righteous;(plural) благочестивые люди, праведники;noun;ˈraɪʧəs;;God, through the prayers of the righteous, has always blessed the fruits of the earth necessary for human life.;MYSTAGOGY, religion
rigid;"1) жесткий, негнущийся; 2) суровый, строгий; твердый; 3) непоколебимый, непреклонный";adjective;;severe, stern, strict;;traits, сложные слова
rile;"сердить; раздражать";verb;;annoy, get at, irritate;What I might do, I might say something very cutting and snotty, to rile him up - instead of socking him in the jaw.;THE CATCHER IN THE RYE (book)
ring a bell;напоминать, наводить на мысль (to sound familiar);phrase;;;The name rang a bell but I couldn't remember where I had heard it before.;idioms, LANGUAGE COURSES
rip;рвать(ся), распарывать(ся);verb;;tear;;violence
risk;"рисковать; отваживаться";verb;;dare, venture;;
risky;опасный, рискованный;adjective;;dangerous, perilous;;
rite;обряд, церемония;noun;;;You have to go through an initiation rite before you become a full member.;LANGUAGE COURSES, religion
rivalry;"соперничество; конкуренция";noun;ˈraɪv(ə)lrɪ;;The story of sibling rivalry is as old as Cain and Abel.;LANGUAGE COURSES, relationship
roar;"реветь, орать; рычать (to make a long, loud, deep sound)";verb;;howl, wail;She looked up as a plane roared overhead. | We could hear the lions roaring at the other end of the zoo.;animals, sounds
robin;малиновка;noun;;;;birds
robust;"здоровый; крепкий; сильный; (of a person or animal) strong and healthy, or (of an object or system) strong and unlikely to break or fail";adjective;rəʋˈbʌst;burly;Notice the use of null checks to make the code robust against users that did not specify one or more event handler delegates.;appearance, LANGUAGE COURSES
roll;"1) катить(ся); 2) вертеть(ся), вращать(ся)";verb;;trundle, wheel;;
rope;"канат; веревка; трос";noun;;cable, cord, string;;
rot;гнить, портиться, разлагаться;verb;;decay;Then they visited the Apothecary, which was fascinating enough to make up for its horrible smell, a mixture of bad eggs and rotted cabbages.;disgust
rough it;мириться с лишениями, терпеть лишения (to live temporarily in basic and uncomfortable conditions);phrase;;;While the house was being decorated we roughed it in a tent.;idioms, LANGUAGE COURSES
rouse;"будить; побуждать, возбуждать (to wake someone up or make someone more active or excited)";verb;;wake, waken;He roused himself (from a pleasant daydream) and got back to work. | The speaker attempted to rouse the crowd with a cry for action.;
row;"1) ставить в ряд, располагать рядами; 2) грести; 3) скандалить, шуметь, отчитывать";verb;;;;
royalties;"авторский гонорар (автору книги, пьесы и т. п.); отчисление, процент (за каждую постановку, каждый проданный экземпляр)";noun;;;Making illegal copies of tracks deprives them of royalties.;films, LANGUAGE COURSES
rubberneck;"зевака; любопытный человек";noun;;;I didn't want a bunch of stupid rubbernecks looking at me when I was all gory.;odd people, THE CATCHER IN THE RYE (book)
rub off on smb.;передаваться, переходить к (кому-л.);phrase;;;You hang around with riffraff like the Weasleys and that Hagrid, and it'll rub off on you.;HARRY POTTER AND THE SORCERER'S STONE (book), phrasal verbs, самые сложные слова
ruddy;"1) румяный, покрытый румянцем; 2) красноватый";adjective;;scarlet;;colors
ruff;"1) воротник (a high tight collar); 2) кольцо перьев или шерсти вокруг шеи";noun;;;A ghost wearing a ruff and tights had suddenly noticed the first years.;clothes, HARRY POTTER AND THE SORCERER'S STONE (book)
ruffled;взъерошенный;adjective;;;She looked distinctly ruffled.;HARRY POTTER AND THE SORCERER'S STONE (book)
ruin;разрушать, уничтожать;verb;;annihilate, demolish, destroy;;battle
rule;"1) управлять, править, властвовать, руководить; 2) устанавливать правило; 3) линовать, расчертить";verb;;control, govern, manage;Most modern kings and queens rule their countries only in a formal way, without real power.;law, work
rule out;исключать;phrase;;except, exclude;;phrasal verbs
rumble;"1) громыхать; грохотать; 2) урчать";verb;;growl, grumble;A low rumbling sound had broken the silence around them. | He shivered and turned over, trying to get comfortable, his stomach rumbling with hunger.;HARRY POTTER AND THE SORCERER'S STONE (book), sounds
rummage;"рыться; копаться";verb;;;He was busy rummaging in his cloak, looking for something.;HARRY POTTER AND THE SORCERER'S STONE (book)
rumor;"слух; молва";noun;;;People are being downright careless, out on the streets in broad daylight, not even dressed in Muggle clothes, swapping rumors.;HARRY POTTER AND THE SORCERER'S STONE (book)
run;"1) бежать, убегать, проходить; 2) лить(ся), наливать, струиться, течь; 3) вести, управлять, руководить";verb;;manage;He's been running his own company since he left school.;moving (verbs), work
run-down;"уставший; жалкий; истощенный";adjective;;exhausted, tired, weary;I'll just tell you about this madman stuff that happened to me around last Christmas just before I got pretty run-down and had to come out here and take it easy.;appearance, THE CATCHER IN THE RYE (book), самые сложные слова
run into;"столкнуться; случайно встретиться";phrase;;come across, encounter;Harry didn't know whether he was imagining it or not, but he seemed to keep running into Snape wherever he went.;HARRY POTTER AND THE SORCERER'S STONE (book), phrasal verbs
run into debt;влезать в долги;phrase;;;"Think what you do when you run into debt; you give to another power over your liberty.";LANGUAGE COURSES
run out of steam;"to run out of energy; to run out of motivation";phrase;;;The peace talks seem to have run out of steam.;idioms, LANGUAGE COURSES
sack;"1) класть в мешок; 2) увольнять";verb;;discharge, dismiss, fire, release;He was sacked after he was caught stealing office equipment.;work
sack;"1) мешок; куль; 2) койка; постель";noun;;;She said not to look at her when she comes in. She just arose from the sack.;THE CATCHER IN THE RYE (book)
sacrilegious;"святотатственный; кощунственный";adjective;;;Sally said I was a sacrilegious atheist.;religion, THE CATCHER IN THE RYE (book)
salary;"жалованье, заработная плата (служащего); оклад ";noun;;wage;He gets a very modest annual salary of $10000.;LANGUAGE COURSES, work
saliva;слюна;noun;səˈlaɪvə;;His jowls flowed with saliva.;REPEATING
sallow;"желтоватый; болезненный";adjective;ˈsæləʊ;;Professor Quirrell, in his absurd turban, was talking to a teacher with greasy black hair, a hooked nose, and sallow skin.;appearance, colors, HARRY POTTER AND THE SORCERER'S STONE (book), medicine
salmon;"лосось; семга";noun;ˈsæmən;;I had salmon for my main course. | Thousands of young salmon and trout have been killed by the pollution.;fish, REPEATING
sandwich course;курс обучения, чередующий теорию с практикой;phrase;;;;education, LANGUAGE COURSES
sane;нормальный, в своём уме, в здравом уме;adjective;;;The sane man knows that he has a touch of the beast, a touch of the devil, a touch of the saint, a touch of the citizen. Nay, the really sane man knows that he has a touch of the madman.;MYSTAGOGY
sanity;"нормальная психика; здравый ум, рассудок";noun;;;Your face it haunts my once pleasant dreams, your voice it chased away all the sanity in me.[Твоё лицо преследует меня в моих когда-то прекрасных снах, а твой голос лишил меня разума.];SONGS
sarcophagus;"саркофаг; камень для саркофага";noun;sɑːˈkɔfəgəs;;The sarcophagus held the remnants of Madame Dorine.;REPEATING
savvy;смышлёный, толковый, сообразительный;adjective;ˈsævɪ;;I'll leave the exercise of parallelizing this imperative piece of code to the concurrency-savvy reader.;INFORMATION TECHNOLOGIES
scale down;"1) reduce proportionally; 2) make smaller";phrase;;reduce;;phrasal verbs
scandalize;"возмущать; шокировать";verb;ˈskændəˌlaɪz;;The press are scandalized.;LANGUAGE COURSES, самые сложные слова
scarcely;"едва; с трудом; вряд ли";adverb;;hardly;;
scare;"пугать; испугать, напугать";verb;;frighten, horrify, terrify;She's very brave - she doesn't scare easily.;fear, violence
scarlet;"ярко-красный; алый";adjective;;ruddy;A scarlet steam engine was waiting next to a platform packed with people.;colors, HARRY POTTER AND THE SORCERER'S STONE (book)
scatter;разбрасывать, рассыпать, раскидывать;verb;;intersperse;Malfoy, Crabbe, and Goyle pushed roughly past the tree, scattering needles everywhere and smirking.;HARRY POTTER AND THE SORCERER'S STONE (book)
scold;"1) бранить; ругать; 2) брюзжать, ворчать";verb;;grumble;To their ears came the sounds of dogs wrangling and scuffling, the guttural cries of men, the sharper voices of scolding women.;WHITE FANG (book)
scowl;"1) смотреть сердито, бросать сердитый взгляд; 2) хмуриться, хмурить брови ";verb;skaʊl;frown;But as the High Table was full of teachers, neither of them could do more than crack their knuckles and scowl. | Scowling, Malfoy quickly dropped the Remembrall back on the table.;glance, HARRY POTTER AND THE SORCERER'S STONE (book)
scramble;карабкаться;verb;;clamber, climb;;
scrape;"скрести; царапать";verb;;;Owls hooted to one another in a disgruntled sort of way over the babble and the scraping of heavy trunks.;HARRY POTTER AND THE SORCERER'S STONE (book)
scrape through;еле выдержать, пробираться с трудом (to succeed in something but with a lot of difficulty);phrase;;;Even Neville scraped through, his good Herbology mark making up for his abysmal Potions one.;HARRY POTTER AND THE SORCERER'S STONE (book), phrasal verbs
scrawl;"писать наспех; писать неразборчиво";verb;skrɔːl;scribble;"Harry picked up the top parcel. It was wrapped in thick brown paper and scrawled across it was ""To Harry, from Hagrid"".";HARRY POTTER AND THE SORCERER'S STONE (book)
scrawny;костлявый, тощий, худощавый;adjective;;gaunt, skeletal, skinny;Filch owned a cat called Mrs. Norris, a scrawny, dust-colored creature with bulging, lamp like eyes just like Filch's.;appearance, THE CATCHER IN THE RYE (book)
scream;пронзительно кричать, вопить, орать, взвизгивать;verb;;call out, cry, shout, yell;A piercing, bloodcurdling shriek split the silence - the book was screaming! | to scream with laughter[умирать со смеху];sounds
screech;"1) визжать или кричать пронзительным голосом (utter a harsh abrupt scream); 2) скрипеть, визжать, скрежетать";verb;;creak, squawk, whine;She was screeching at him at the top of her voice.;HARRY POTTER AND THE SORCERER'S STONE (book), sounds
screwball;"сумасброд; эксцентричный человек";noun;;nut;I didn't want to look like a screwball or something.;odd people, THE CATCHER IN THE RYE (book), самые сложные слова
scribble;"писать быстро и небрежно; строчить";verb;;scrawl;With his tongue between his teeth he scribbled a note that Harry could read upside down.;HARRY POTTER AND THE SORCERER'S STONE (book)
scrub;"мыть; скрести, оттирать (rub something hard in order to clean it, especially using a stiff brush, soap and water)";verb;;;Aunt Petunia dug some ice cream out of the freezer and Harry, still shaking, started scrubbing the kitchen clean.;HARRY POTTER AND THE CHAMBER OF SECRETS (book)
scuffle;драться, бороться (fight or struggle in a confused way at close quarters);verb;;fight;To their ears came the sounds of dogs wrangling and scuffling, the guttural cries of men, the sharper voices of scolding women.;battle, WHITE FANG (book)
scuttle;поспешно бежать (to move about or proceed hurriedly);verb;;;"""HUFFLEPUFF!"" shouted the hat again, and Susan scuttled off to sit next to Hannah.";HARRY POTTER AND THE SORCERER'S STONE (book), moving (verbs), самые сложные слова
seaweed;морская водоросль;noun;;;"The inside was horrible; it smelled strongly of seaweed, the wind whistled through the gaps in the wooden walls, and the fireplace was damp and empty.";HARRY POTTER AND THE SORCERER'S STONE (book)
seductive;"соблазнительный; обольстительный";adjective;;;At first she didn't want to, because she had her lipstick on and all, but I was being seductive as hell and she didn't have any alternative.;THE CATCHER IN THE RYE (book), самые сложные слова
see eye to eye;сходиться во взглядах;phrase;;;My sisters don't see eye to eye with me about the arrangements. | We never saw eye to eye on this question.;idioms, LANGUAGE COURSES, relationship
seep;"просачиваться; проникать, протекать";verb;;;Neville had somehow managed to melt Seamus's cauldron into a twisted blob, and their potion was seeping across the stone floor, burning holes in people's shoes.;HARRY POTTER AND THE SORCERER'S STONE (book)
seesaw;качели (в форме доски);noun;;;I passed by this playground and stopped and watched a couple of very tiny kids on a seesaw.;THE CATCHER IN THE RYE (book)
seize;хватать, захватывать, схватить;verb;;clutch, grab, grasp, grip, snatch;He seized brands from the fire and hurled them into the pack.;
select;отбирать, выбирать, подбирать;verb;;choose, pick, pick out;;
self-esteem;"самоуважение; чувство собственного достоинства";noun;;;"For most of their lives, their personality, self-esteem and status have been defined by work; without it, they lose their appetite for life. | She suffers from low self-esteem and it prevents her from pursuing her goals.";LANGUAGE COURSES, work
senior citizen;пожилой гражданин, пожилой человек;noun;;;Do senior citizens get a pension in your country?;LANGUAGE COURSES
sensation;"ощущение; чувство";noun;;feeling, sense, sentiment;Tourists are not so interested in new experiences and sensations.;holidays, LANGUAGE COURSES
sense;"1) чувство; ощущение; 2) ум, сознание, разум; 3) смысл";noun;;feeling, sensation, sentiment;If you don't learn from your mistakes, then there is no sense in making them.;
sense of well-being;хорошее самочувствие;noun;;;According to some experts, achieving unenjoyable tasks during our work actually contributes to our sense of well-being.;LANGUAGE COURSES, work
sensible;"1) благоразумный, здравомыслящий; здравый; 2) чувствительный, восприимчивый";adjective;;;Despite making some sensible points, to my mind his argument is wildly oversimplified in saying that the old days were better.;LANGUAGE COURSES
sentiment;"чувство; сентиментальность";noun;;feeling, sensation, sense;;
series;"ряд; последовательность; серия (событий, фактов, эпизодов и т. п.)";noun;;;She gave a series of lectures at Warwick University last year on contemporary British writers.;LANGUAGE COURSES
serve smb. right;поделом (to be deserved under the circumstances);phrase;;;"Anyway, it serves you right for being so lazy, Jess. | Punish him; it will serve him right for what he has done to you.";idioms, LANGUAGE COURSES
set an example;показывать пример;phrase;;;We have to set an example to the younger ones, we have to learn what responsibility means!;LANGUAGE COURSES, relationship
set to;засесть за (работу), взяться, приняться за (что-л.);phrase;;;Then Mma Ramotswe set to the task of painting, and she had soon completed the outside in ochre and the inside in white.;LANGUAGE COURSES, phrasal verbs, work
severe;"1) строгий, суровый; требовательный; 2) жестокий; тяжелый; трудный";adjective;;rigid, stern, strict;The accident left him severely disabled.;
sew;шить, пришивать;verb;səu;;I made this skirt just by sewing two pieces of material together.;LANGUAGE COURSES
shabby;"1) поношенный, потрепанный; 2) убогий, захудалый, жалкий";adjective;;battered, beat-up, frayed, ragged, worn-out;For a famous place, it was very dark and shabby. | It was Blythe, who walked with the air of a rich man, but whose outward appearance was very shabby. | The last shop was narrow and shabby.;clothes
shack;"лачуга; хижина; хибарка";noun;;hut;Perched on top of the rock was the most miserable little shack you could imagine.;HARRY POTTER AND THE SORCERER'S STONE (book)
shaggy;косматый;adjective;;;Hagrid bent his great, shaggy head over Harry and gave him a very scratchy, whiskery kiss. | His face was almost completely hidden by a long, shaggy mane of hair and a wild, tangled beard, but you could make out his eyes, glinting like black beetles under all the hair.;appearance, HARRY POTTER AND THE SORCERER'S STONE (book)
shake;"1) трясти, встряхивать; 2) дрожать, трястись; 3) качать(ся), пошатнуть";verb;;jiggle, quake, quiver, shiver, tremble;"Aunt Petunia dug some ice cream out of the freezer and Harry, still shaking, started scrubbing the kitchen clean. | ""Hagrid!"" said Harry, shocked to see Hagrid shaking with grief and remorse, great tears leaking down into his beard. | He shook his fist angrily at the gleaming eyes and began securely to prop his moccasins before the fire. | He was one of those guys that think they're being a pansy if they don't break around forty of your fingers when they shake hands with you. | to shake with cold[дрожать от холода] | ""Who'd be writing to you?"" sneered Uncle Vernon, shaking the letter open with one hand and glancing at it.";fear, violence
shallow;"мелкое место, мель; отмель";noun;;;The Weasley twins and Lee Jordan were tickling the tentacles of a giant squid, which was basking in the warm shallows.;HARRY POTTER AND THE SORCERER'S STONE (book)
shame;"1) стыд; позор; срам; 2) неприятность; досада";noun;;;It's a shame on you![Как тебе не стыдно!] | It's such a shame for us to part.;LANGUAGE COURSES
sharp;"1) острый; остроконечный; резкий; пронзительный; 2) остроумный; проницательный; наблюдательный; хитрый";adjective;;cutting, keen, piercing, shrill;Harry made a sharp about-face and held the broom steady.;
sheepish;глуповатый, застенчивый, робкий (showing a sense of shame);adjective;;;;traits
sheer;"настоящий, истинный, сущий; явный; чистый";adjective;;mere, pure;a sheer lie[ложь чистой воды];THE CATCHER IN THE RYE (book)
shell;"1) раковина (моллюска), панцирь; скорлупа; кожура, кожица; 2) оболочка, личина; 3) гильза, (патрона); патрон; артиллерийский снаряд; мина";noun;;;A mortar shell can be launched thousands of feet, which makes it an indirect fire weapon.;arms, REPEATING
shepherd's pie;картофельная запеканка с мясом;noun;;;But any good English recipe, like fish and chips or shepherd's pie would be good.;LANGUAGE COURSES, meal
shimmer;мерцать, блестеть;verb;;flicker, twinkle;;shine
shine;"светить, сиять; блестеть, блистать";verb;;beam, gleam, glint, glisten, glister, glitter, glow;The sun shone brightly on a stack of cauldrons outside the nearest shop.;shine
shiver;дрожать, трястись;verb;;quake, quiver, shake, tremble;He shivered and turned over, trying to get comfortable, his stomach rumbling with hunger.;fear, violence
shoo;вспугивать, прогонять (to make sounds and movements in order to send animals or children away);verb;;;He shooed the shocked Masons back into the dining room, promised Harry he would flay him to within an inch of his life when the Masons had left, and handed him a mop.;fear, HARRY POTTER AND THE CHAMBER OF SECRETS (book)
shoot oneself in the foot;"to cause oneself difficulty; to be the author of one's own misfortune";phrase;;;Historically, sharing of locks has been done in a number of scenarios, often resulting in people shooting themselves in the foot.;idioms, INFORMATION TECHNOLOGIES
shoot the breeze;"болтать; трепаться";phrase;;chatter, chew the fat, chew the rag;Then the old lady that was around a hundred years old and I shot the breeze for a while.;idioms, THE CATCHER IN THE RYE (book)
shoot the bull;"молоть вздор; нести околесицу";phrase;;;All of a sudden, though, he interrupted me while I was shooting the bull.;idioms, THE CATCHER IN THE RYE (book)
shoplift;красть в магазине с открытых прилавков, выносить товар неоплаченным (например, под одеждой);verb;;;He was caught shoplifting by a store detective.;fraud, LANGUAGE COURSES
shortcut;кратчайший путь;noun;;;I know a shortcut to town through the back streets.;HARRY POTTER AND THE SORCERER'S STONE (book)
shot;"1) выстрел; стрелок; 2) дробь; пуля; пушечное ядро; 3) кадр; фотоснимок; 4) доза; укол; глоток спиртного";noun;;;He's a terrific snob and he won't hardly even talk to you unless you're a big shot or a celebrity or something, but he can really play the piano. | Now I was on the way to the bathroom to get a good shot of bourbon or something to steady my nerves and help me really go into action.;arms, THE CATCHER IN THE RYE (book)
shout;"кричать, гаркать; покрикивать";verb;;bawl, call out, cry, scream, yell;"""HUFFLEPUFF!"" shouted the hat again, and Susan scuttled off to sit next to Hannah.";sounds
shove;"1) толкать, теснить; 2) пихать, распихивать; 3) совать, засовывать";verb;;jostle, push, thrust;;
show off;выставлять напоказ, хвастать;phrase;;;"I remember he used to always be showing off to him, trying to get his attention, one way or another. | ""I was showing off, Sir.""";phrasal verbs, relationship, THE SILVER CHAIR (book) 
shriek;пронзительно кричать, вопить, визжать;verb;;shrill;"There was a yell of, ""Get him, Dad!"" from Fred or George; Mrs. Weasley was shrieking, ""No, Arthur, no!""; the crowd stampeded backward, knocking more shelves over.";sounds
shrill;пронзительно кричать, визжать;verb;;shriek;;sounds
shrill;"пронзительный; резкий";adjective;;sharp;His Aunt Petunia was awake and it was her shrill voice that made the first noise of the day.;HARRY POTTER AND THE SORCERER'S STONE (book)
shrine;"1) рака; гробница, усыпальница; 2) храм, церковь";noun;;;It is a tradition which actually goes back to pre-Christian times, when a Temple to Artemis stood here, but was later replaced with this shrine to St. John in Byzantine times.;MYSTAGOGY, religion
shrink;психиатр (разг.);noun;;;I was so depressed that I ended up going to see a shrink.;LANGUAGE COURSES
shrubbery;"кустарник; аллея, обсаженная кустарником";noun;;;;plants, THE SILVER CHAIR (book) 
shuffle;"волочить ноги; шаркать; скользить ногами по полу (walk by dragging one's feet)";verb;;;Hagrid shuffled into view, hiding something behind his back.;HARRY POTTER AND THE SORCERER'S STONE (book), moving (verbs)
shun;беречься, избегать, остерегаться;verb;;avoid;;
shy;"застенчивый, стеснительный, стыдливый; робкий, пугливый";adjective;;timid;;traits
sicken;"1) заболевать; болеть; 2) чувствовать тошноту, вызывать тошноту; 3) чувствовать отвращение, вызывать отвращение";verb;;disgust, nauseate;;disgust, medicine
sidle;(под)ходить бочком, робко, украдкой;verb;;;Hagrid sidled through the door as he spoke.;HARRY POTTER AND THE SORCERER'S STONE (book), moving (verbs)
significant;"1) знаменательный; 2) важный; существенный; значительный";adjective;;considerable, important;;
silhouette;"1) изображать в виде силуэта; 2) вырисовываться";verb;ˌsɪluˈet;;Silhouetted on the dark horizon, high on the cliff over the lake, stood the many turrets and towers of Hogwarts castle.;HARRY POTTER AND THE CHAMBER OF SECRETS (book)
silly;"1) неразумный, слабоумный, глупый; 2) простой, бесхитростный";adjective;;foolish;People cook food and give away blankets. It is really silly.;traits
simper;притворно или глупо улыбаться;verb;;smirk;Dudley put on a foul, simpering smile.;HARRY POTTER AND THE CHAMBER OF SECRETS (book), laught and smile
sincere;"1) искренний, чистосердечный; 2) подлинный, настоящий";adjective;;candid, frank, genuine, honest;;traits
since then;с того времени;adverb;;;I stopped smoking three years ago and I haven't had a single cigarette since then.;LANGUAGE COURSES
single;"единственный; одиночный, отдельный, обособленный; одинокий, холостой";adjective;;lone, only, sole, solitary;;
singular;"1) исключительный, выдающийся, необыкновенный; 2) своеобразный, странный, необычный";adjective;ˈsɪŋgjələ;odd, peculiar, queer, strange;It was a very singular face. His eyes were faded, and his hair, which he wore long, was flecked with gray.;REPEATING, traits
sinister;зловещий, предвещающий несчастье (making you feel that something bad or evil might happen);adjective;ˈsɪnɪstə;;Harry told the other two about Snape's sudden, sinister desire to be a Quidditch referee.;HARRY POTTER AND THE SORCERER'S STONE (book)
sink;"1) тонуть, топить, погружать(ся); 2) опускаться, снижаться, падать";verb;;drop, drown, fall, go down;;
sinus;"1) пазуха; свищ; 2) синус ";noun;;;That guy had just about everything: sinus trouble, pimples, lousy teeth, halitosis, crumby fingernails.;THE CATCHER IN THE RYE (book)
size smb. up;оценивать, составлять мнение о ком-л.;phrase;;;I hope this doesn't embarrass you Jen, but I found the best thing to do with the new employee is to size them up with a long hard stare.;IT CROWD, phrasal verbs, work
sizzle;шипеть;verb;;hiss;;animals, sounds
skeletal;"худой, тощий; кожа да кости; скелетообразный";adjective;;gaunt, scrawny, skinny;Then they drank their tea, watching a small boy at the edge of the road throwing stones at a skeletal dog.;appearance, LANGUAGE COURSES
skewer;"небольшой вертел; шампур";noun;;;Yesterday we were in the country and cooked kebabs on skewers.[Вчера мы были за городом и готовили шашлыки на шампурах.];holidays, LANGUAGE COURSES
skilful;искусный, умелый, ловкий;adjective;;clever, ingenious;;traits
skim through;поверхностно знакомиться (с чем-л.), бегло просматривать (что-л.);phrase;;;Hermione was skimming through all her notes, hoping to come across one of the enchantments they were about to try to break.;HARRY POTTER AND THE SORCERER'S STONE (book), phrasal verbs
skinny;"тощий; исхудалый; кожа да кости";adjective;;gaunt, scrawny, skeletal;Its spiny wings were huge compared to its skinny jet body, it had a long snout with wide nostrils, the stubs of horns and bulging, orange eyes.;appearance, THE CATCHER IN THE RYE (book)
skip;"1) прыгать; скакать; подпрыгивать; 2) cause to skip over a surface";verb;;;His heart skipped. He felt braver. | I went down near the lagoon and I sort of skipped the quarters and the nickel across it, where it wasn't frozen.;THE CATCHER IN THE RYE (book)
skip;"прыжок; скачок; подпрыгивание";noun;;bound, frisk, hop, jump, leap, spring;;
skulk;"1) красться, подкрадываться; 2) прятаться, скрываться, затаиваться";verb;;lurk;At the foot of the first set of stairs, they spotted Mrs. Norris skulking near the top.;HARRY POTTER AND THE SORCERER'S STONE (book)
slam;"1) захлопывать; 2) strike violently";verb;;bang;It didn't so much as quiver when a car door slammed on the next street, nor when two owls swooped overhead.;HARRY POTTER AND THE SORCERER'S STONE (book), striking (verbs)
slap;"шлепать (по щеке); хлопать, бахать (hit with something flat, like a paddle or the open hand)";verb;;spank;;striking (verbs)
slay;убивать, умерщвлять;verb;;assassinate, kill, murder;;violence
sleek;"ровный, гладкий; отполированный, глянцевый, блестящий";adjective;;slick;Sleek and shiny, with a mahogany handle, it had a long tail of neat, straight twigs and Nimbus Two Thousand written in gold near the top.;HARRY POTTER AND THE SORCERER'S STONE (book)
slick;"1) гладкий (having a smooth, gleaming surface reflecting light); 2) скользкий";adjective;;sleek, slippery, slippy;;
slippery;"скользкий; увертливый, ненадежный";adjective;;slick, slippy;;materials
slippy;"скользкий; проворный";adjective;;slick, slippery;;
slit;длинный узкий разрез, прорезь, щель;noun;;;It was chalk white with glaring red eyes and slits for nostrils, like a snake.;HARRY POTTER AND THE SORCERER'S STONE (book)
slither;"скользить, плавно передвигаться; соскальзывать (to pass or move smoothly)";verb;;;Harry had taken one step toward it when a slithering sound made him freeze where he stood. | Something fluid and silvery gray went slithering to the floor where it lay in gleaming folds.;HARRY POTTER AND THE SORCERER'S STONE (book), moving (verbs)
slob;"лентяй; неряха; толстяк; тупица (разг.)";noun;;bum;She probably knew what a phony slob he was. | You remember I said before that Ackley was a slob in his personal habits.;odd people, THE CATCHER IN THE RYE (book), самые сложные слова
sloppy;неряшливый, небрежный;adjective;ˈslɔpɪ;;Sloppy code might be swallowing exceptions improperly without decent handling.;INFORMATION TECHNOLOGIES
slouch;"сутулиться, горбиться; неуклюже держаться, идти";verb;;;It waggled its long ears, making up its tiny mind, then slouched slowly into the room. | Yawning and grumbling, the Weasleys slouched outside with Harry behind them.;HARRY POTTER AND THE SORCERER'S STONE (book), moving (verbs)
slug;"слизняк; личинка";noun;;;The Dursleys often spoke about Harry like this, as though he wasn't there - or rather, as though he was something very nasty that couldn't understand them, like a slug.;HARRY POTTER AND THE SORCERER'S STONE (book)
slump;"1) to sit or fall heavily and suddenly; 2) проваливаться (в болото, трясину), шлёпаться в воду; 3) резко падать (о ценах, спросе на товары)";verb;;;He crossed the lawn, slumped down on the garden bench, and sang under his breath.;HARRY POTTER AND THE CHAMBER OF SECRETS (book)
slurp;"пить причмокивая; есть шамкая, чавкать (eat noisily)";verb;slɜːp;;The bag of gold, silver, and bronze jangling cheerfully in Harry's pocket was clamoring to be spent, so he bought three large strawberry and peanut butter ice creams, which they slurped happily as they wandered up the alley.;eat, HARRY POTTER AND THE CHAMBER OF SECRETS (book)
sly;"коварный, ловкий, хитрый; пронырливый";adjective;;cunning, dodgy, tricky, wily;He's a sly old devil - I wouldn't trust him with my money.;fraud, LANGUAGE COURSES
smart;"1) умный, остроумный; 2) сильный (об ударе), острый (о боли)";adjective;;clever, cute;;traits
smirk;"притворно или глупо улыбаться; ухмыляться";verb;;simper;Malfoy, Crabbe, and Goyle pushed roughly past the tree, scattering needles everywhere and smirking.;HARRY POTTER AND THE SORCERER'S STONE (book), laught and smile
smite;ударять, бить (inflict a heavy blow on, with the hand, a tool, or a weapon);verb;;;This was her day, when manes bristled, and fang smote fang or ripped and tore the yielding flesh, all for the possession of her.;striking (verbs), WHITE FANG (book)
smooth;гладкий, ровный;adjective;;;He revealed red gums and the smooth, ivory daggers of his teeth.;materials
smother;"гасить, тушить; сдерживать, подавлять (зевок, гнев)";verb;ˈsmʌðə;put out, stifle;Harry and Ron headed upstairs, smothering their laughter at Malfoy's obvious rage and confusion.;HARRY POTTER AND THE SORCERER'S STONE (book)
smudge;"пачкать(ся); мазать(ся)";verb;;blot, spot, stain;Her eyes lingered for a moment on Neville's cloak, which was fastened under his left ear, and on Ron's smudged nose.;HARRY POTTER AND THE SORCERER'S STONE (book)
snap;"1) separate or cause to separate abruptly; 2) ухватиться; 3) укусить; цапнуть (bring the jaws together); 4) щелкать; лязгать; хлопать; 5) говорить резко, отрывисто; выкрикивать";verb;;;"British police say two robbers broke into an elderly woman's home, stole money and then snapped the neck of her pet budgerigar in front of her. | But I suppose they snapped it in half when you got expelled? | Harry snapped it shut, but the shriek went on and on, one high, unbroken, earsplitting note. | He was always going down the corridor, after he'd had a shower, snapping his soggy old wet towel at people's asses. | ""I know,"" Ron snapped. ""Don't nag.""";THE CATCHER IN THE RYE (book)
snarl;"1) рычать, ворчать, огрызаться; 2) спутывать, смешивать, приводить в беспорядок";verb;;tangle;The dogs started to snarl at each other so I had to separate them.;animals, sounds
snatch;хватать, ухватить, схватить;verb;;grab, grasp, grip, seize;;
sneak;"1) красться; 2) делать тайком; делать украдкой; 3) украсть; стащить";verb;;steal, thieve;I'd probably go down to the can and sneak a cigarette and watch myself getting tough in the mirror. | I figured I'd better sneak home and see her, in case I died and all. | I figured it was some perverty bum that'd sneaked in the school late at night to take a leak or something and then wrote it on the wall. | We all used to sneak a good look at it, even the girls, because they were only little kids and they didn't have any more bosom than we did.;fraud, THE CATCHER IN THE RYE (book)
sneer;"презрительно или насмешливо улыбаться; усмехаться";verb;;;"""Who'd be writing to you?"" sneered Uncle Vernon, shaking the letter open with one hand and glancing at it.";HARRY POTTER AND THE SORCERER'S STONE (book), laught and smile
sneeze;чихать;verb;;;Cats make him sneeze - I think he's allergic to the fur. | She handed me a tissue just as I sneezed.;LANGUAGE COURSES
sniffle;"хныкать; сопеть; распустить нюни";verb;;blub, snivel;"Dudley was sniffling in the back seat; his father had hit him round the head for holding them up while he tried to pack his television, VCR, and computer in his sports bag.";HARRY POTTER AND THE SORCERER'S STONE (book), sounds
snigger;хихикать;verb;;chortle, chuckle, giggle;Dudley and Piers sniggered.;HARRY POTTER AND THE SORCERER'S STONE (book), laught and smile
snivel;"распускать сопли; хныкать; плакаться";verb;;blub, sniffle, whine;Dudley sniveled.;HARRY POTTER AND THE SORCERER'S STONE (book), sounds
snotty;"1) сопливый; 2) раздражительный";adjective;;;What I might do, I might say something very cutting and snotty, to rile him up - instead of socking him in the jaw.;THE CATCHER IN THE RYE (book), traits, самые сложные слова
snout;"рыло; морда (животного)";noun;;;Its spiny wings were huge compared to its skinny jet body, it had a long snout with wide nostrils, the stubs of horns and bulging, orange eyes.;animals, HARRY POTTER AND THE SORCERER'S STONE (book)
snowball;"расти как снежный ком; быстро расти, быстро увеличиваться";verb;;;I suggested a few drinks after work, and the whole thing snowballed into a company party.;LANGUAGE COURSES
snuffbox;табакерка;noun;;;Professor McGonagall watched them turn a mouse into a snuffbox.;HARRY POTTER AND THE SORCERER'S STONE (book)
soaked;"моченый; пропитанный водой";adjective;;damp, humid, moist, soggy, wet;All the parents and mothers and everybody went over and stood right under the roof of the carrousel, so they wouldn't get soaked to the skin or anything.;THE CATCHER IN THE RYE (book)
soar;парить, высоко летать;verb;sɔː;;He was amazed when the owls soared down and dropped this large parcel right in front of him.;HARRY POTTER AND THE SORCERER'S STONE (book)
sob;"рыдать; всхлипывать";verb;;cry, weep;;sounds
sobriety;"1) трезвость (the state of being sober); 2) рассудительность (seriousness)";noun;;;Zeal, however, must be accompanied by a profound sobriety and humility.;MYSTAGOGY
sock;"1) натягивать носки; 2) давать тумака";verb;;bash;If you're supposed to sock somebody in the jaw, and you sort of feel like doing it, you should do it. | Then I tried to sock him, with all my might, right smack in the toothbrush, so it would split his goddam throat open. | What I might do, I might say something very cutting and snotty, to rile him up - instead of socking him in the jaw.;striking (verbs), THE CATCHER IN THE RYE (book)
soggy;"сырой; мокрый; пропитанный водой";adjective;;damp, humid, moist, soaked, wet;He was always going down the corridor, after he'd had a shower, snapping his soggy old wet towel at people's asses.;THE CATCHER IN THE RYE (book)
sole;"единственный; уединенный, одинокий; не состоящий в браке";adjective;;lone, only, single, solitary;;
sole;"1) подошва; ступня; 2) нижняя часть (чего-л.)";noun;səʊl;;"""Oh, it's you,"" said Ron, looking at Malfoy as if he were something unpleasant on the sole of his shoe.[А-а, это ты! — Рон взглянул на Драко, как на дохлого таракана.]";HARRY POTTER AND THE CHAMBER OF SECRETS (book)
solemn;"торжественный; важный, серьёзный (serious and without any humour)";adjective;ˈsɔləm;;"""Not half so curious as himself,"" said Eustace solemnly.";THE SILVER CHAIR (book) 
solicitous;заботливый, внимательный;adjective;səˈlɪsətəs;;"Her temper was now shorter than ever; but he had become more patient than ever and more solicitous.";WHITE FANG (book)
solitary;"отдельный; одинокий, уединенный; безлюдный";adjective;;lone, only, single, sole;;
sombre;"1) мрачный, темный (dark and plain); 2) хмурый; унылый, угрюмый (serious, sad and without humour or entertainment)";adjective;ˈsɒmbər;blue, cheerless, dreary, gloomy, glum, melancholy, mournful;He wore a sombre black suit. | The funeral was a sombre occasion.;appearance, сложные слова
somersault;кульбит, прыжок кувырком, кувырканье;noun;ˈsʌməsɔːlt;;Harry's heart did a somersault.;HARRY POTTER AND THE SORCERER'S STONE (book)
soot;"сажа; копоть";noun;;;Dizzy and bruised, covered in soot, he got gingerly to his feet, holding his broken glasses up to his eyes.;HARRY POTTER AND THE CHAMBER OF SECRETS (book)
soothe;"успокаивать, утешать; умиротворять; унимать";verb;suːð;;"""It'll all be over at midnight on Saturday,"" said Hermione, but this didn't soothe Ron at all.";HARRY POTTER AND THE SORCERER'S STONE (book)
sorcerer;"колдун; чародей; волшебник";noun;;warlock;The next morning in Defense Against the Dark Arts, while copying down different ways of treating werewolf bites, Harry and Ron were still discussing what they'd do with a Sorcerer's Stone if they had one.;HARRY POTTER AND THE SORCERER'S STONE (book), mythology
sore;"болячка; рана; язва";noun;;;It said if you had any sores in your mouth that didn't heal pretty quickly, it was a sign that you probably had cancer.;medicine, THE CATCHER IN THE RYE (book), самые сложные слова
sort smth. out;"решать (проблему); устранить (недоразумение и т. п.)";phrase;;;I am the head of this department! I thought I was. It's one of us! Certainly not her! I'm gonna sort this out...;IT CROWD, phrasal verbs
soulmate;родная душа, единомышленник;noun;;;A soulmate is someone who has locks that fit our keys, and keys to fit our locks.;LANGUAGE COURSES, relationship
spank;хлопать, шлепать (ладонью);verb;;slap;;striking (verbs)
sparkle;искриться, сверкать;verb;;;;shine
speak under one's breath;говорить вполголоса;phrase;;;He was speaking under his breath, so that other people couldn't hear.;LANGUAGE COURSES
spear;пронзать, протыкать (копьём или чем-л., похожим на копьё);verb;;;Imagine sitting at a table with a fork, about to spear the last piece of food on a platter, and as your fork reaches for it, the food suddenly vanishes - because your thread was suspended and another diner came in and ate the food. | They sat by the hour eating anything they could spear on a toasting fork - bread, English muffins, marshmallows.;INFORMATION TECHNOLOGIES
spectacular;"производящий глубокое впечатление; впечатляющий; эффектный";adjective;;;The hall looked spectacular. Festoons of holly and mistletoe hung all around the walls. | There are also some spectacular battle scenes but the story remains intimate and human.;HARRY POTTER AND THE SORCERER'S STONE (book)
speculate;"1) размышлять; раздумывать; 2) спекулировать";verb;;;Art experts speculated that the thieves might demand a ransom from the government because the works were too well known to be sold on the open market.;LANGUAGE COURSES
speedy;быстрый, скорый, проворный;adjective;;fast, prompt, quick, rapid, swift;;
spell;"1) заклинание; заговор; чары; 2) очарование; обаяние";noun;;enchantment;;HARRY POTTER AND THE SORCERER'S STONE (book)
spinster;"незамужняя женщина; старая дева";noun;;;She is a spinster. To put it differently she is an elderly unmarried woman.;LANGUAGE COURSES
spiny;"колкий, колючий; покрытый шипами или иглами";adjective;;;Its spiny wings were huge compared to its skinny jet body, it had a long snout with wide nostrils, the stubs of horns and bulging, orange eyes.;HARRY POTTER AND THE SORCERER'S STONE (book)
spite;"злоба, злость; озлобленность";noun;;malice;"""That's a broomstick,"" he said, throwing it back to Harry with a mixture of jealousy and spite on his face.";HARRY POTTER AND THE SORCERER'S STONE (book)
splash;"брызгать; брызгаться; забрызгивать";verb;;splatter;;
splatter;"брызгать; забрызгивать; разбрызгивать";verb;;splash;Spray from the high waves splattered the walls of the hut and a fierce wind rattled the filthy windows.;HARRY POTTER AND THE SORCERER'S STONE (book)
splendid;"1) блестящий; отличный; великолепный; 2) первоклассный;  превосходный";adjective;;ace, glorious, magnificent, superior;But if they could fast prodigiously, they could feed prodigiously, and soon a few scattered bones were all that remained of the splendid live brute that had faced the pack a few hours before. | Since 1888 we have been molding boys into splendid, clear-thinking young men.;appearance
split second;"доля секунды; мгновение ока (a very short moment of time)";noun;;;His broom gave a sudden, frightening lurch. For a split second, he thought he was going to fall.;HARRY POTTER AND THE SORCERER'S STONE (book)
split up;"ссориться; утрачивать единство; расходиться";phrase;;;You know I'm going out with Kevin. It's nearly six months since I split up with Max.;LANGUAGE COURSES, phrasal verbs, relationship
spokesman;представитель, делегат;noun;;;Penguin spokesman Yvonne Hunter confirmed the news.;LANGUAGE COURSES, work
spook;"привидение; призрак";noun;;;He looked sort of spooky in the dark.;THE CATCHER IN THE RYE (book)
spot;"1) покрывать пятнами, пятнать; пачкать; позорить; 2) увидеть, заметить, узнать";verb;;blot, smudge, stain;At the foot of the first set of stairs, they spotted Mrs. Norris skulking near the top. | Based on our original example of an asynchronous file read, can you spot a flaw in the following piece of code?;
spout;бить струей, струиться;verb;;spurt, squirt;;violence
spray;брызги;noun;;;Spray from the high waves splattered the walls of the hut and a fierce wind rattled the filthy windows.;HARRY POTTER AND THE SORCERER'S STONE (book)
spring;"1) прыжок, скачок; 2) родник, ключ, источник; 3) пружина; 4) весна";noun;;bound, fount, frisk, hop, jump, leap, skip;He leaped with a terrific energy, doubled like a spring, attained speed, and moved with effortless beauty.;
spring a surprise on smb.;преподнести сюрприз кому-л.;phrase;;;Don't let anyone see you as I want to spring a surprise on them.;LANGUAGE COURSES, relationship
springboard;трамплин (для чего-л.);noun;;;When exploring some of the layouts, we'll hit upon examples that are verbose, and thus lengthy, and can serve as a great springboard or starting point for your lay-out endeavors.;INFORMATION TECHNOLOGIES
spring up;"возникать; появляться";phrase;;appear, arise, emerge;Within seconds, the whole class was standing on their stools while Neville, who had been drenched in the potion when the cauldron collapsed, moaned in pain as angry red boils sprang up all over his arms and legs.;HARRY POTTER AND THE SORCERER'S STONE (book), phrasal verbs
spruce;"ель; хвойное дерево";noun;;;We found a tin plate and fork, by the big camp-fire, and wrapped in a piece of canvas in a spruce was a hunk of bacon.;plants, REPEATING
spurt;бить струей, хлынуть;verb;;spout, squirt;A fount of blood spurted from its throat.;violence
squabble;ссориться, скандалить, пререкаться из-за пустяков;verb;;bicker;She was thrilling to a desire that urged her to go forward, to be in closer to that fire, to be squabbling with the dogs, and to be avoiding and dodging the stumbling feet of men.;WHITE FANG (book)
squashy;"1) мягкий, мясистый; сочный; 2) топкий, вязкий";adjective;;;The Gryffindor common room was a cozy, round room full of squashy armchairs.;HARRY POTTER AND THE SORCERER'S STONE (book)
squat;"приземистый и коренастый; низкий и широкий";adjective;;dumpy, thickset;Madam Malkin was a squat, smiling witch dressed all in mauve.;appearance, HARRY POTTER AND THE SORCERER'S STONE (book)
squawk;вопить, пронзительно кричать (utter a harsh abrupt scream);verb;;screech;"""Who's there?"" squawked the Fat Lady.";HARRY POTTER AND THE SORCERER'S STONE (book), sounds
squeal;визжать, визгливо произносить (utter a high-pitched cry, characteristic of pigs);verb;;;The brakes squealed as the van rounded the corner. | We could hear the piglets squealing as we entered the farmyard.;sounds
squeeze;"1) давить, сжимать, сдавливать; 2) вымогать, выжимать (что-л. из кого-л.)";verb;;;He squeezed from his friends the last drop of thier generosity. | He stuck around till around dinnertime, talking about all the guys at Pencey that he hated their guts, and squeezing this big pimple on his chin. | Ron and Hermione squeezed together to give Hagrid enough space to join them. | The giant squeezed his way into the hut, stooping so that his head just brushed the ceiling.;REPEATING, THE CATCHER IN THE RYE (book), самые сложные слова
squid;кальмар;noun;;;The Weasley twins and Lee Jordan were tickling the tentacles of a giant squid, which was basking in the warm shallows.;fish, HARRY POTTER AND THE SORCERER'S STONE (book)
squint;"щурить (глаза от избытка света и т. п.); щуриться, жмуриться";verb;;;Hermione, who had all her fingers crossed in her lap, was squinting fixedly at Harry, who was circling the game like a hawk, looking for the Snitch.;glance, HARRY POTTER AND THE SORCERER'S STONE (book)
squirt;"бить струей; пускать струю";verb;;spout, spurt;Anyway, first he'd take a swallow and squirt it all over her, then she did it to him - they took turns, for God's sake. | I saw a man and a woman squirting water out of their mouths at each other.;THE CATCHER IN THE RYE (book), violence
stab;"наносить удар (ножом, кинжалом), ранить (ножом, кинжалом); вонзать, кольнуть";verb;;;to stab in the back[всадить нож в спину];arms, striking (verbs)
stable;"1) устойчивый, стабильный, постоянный; 2) твердый, прочный, крепкий";adjective;;fast, firm, steady, strong, tough;;
stack;"1) an orderly pile; 2) куча; кипа; груда";noun;;;"A hundred fat, roast turkeys; mountains of roast and boiled potatoes; platters of chipolatas; tureens of buttered peas, silver boats of thick, rich gravy and cranberry sauce - and stacks of wizard crackers every few feet along the table. | And she pulled a heavy book from the stack on the mantelpiece. | The sun shone brightly on a stack of cauldrons outside the nearest shop.";HARRY POTTER AND THE SORCERER'S STONE (book)
staffroom;учительская;noun;;;He made his way down to the staffroom and knocked.;HARRY POTTER AND THE SORCERER'S STONE (book)
stagger;"идти шатаясь, шататься; заплетаться, покачиваться";verb;;reel;Staggering slightly under their weight, he managed to make his way out of the limelight to the edge of the room, where Ginny was standing next to her new cauldron.;moving (verbs)
stain;"пятнать, пачкать; портить; позорить";verb;;blot, smudge, spot;;
stalagmite;сталагмит (a cylinder of calcium carbonate projecting upward from the floor of a limestone cave);noun;stəˈlægmaɪt;;They plunged even deeper, passing an underground lake where huge stalactites and stalagmites grew from the ceiling and floor.;HARRY POTTER AND THE SORCERER'S STONE (book)
stale;"несвежий; черствый; засохший";adjective;;moldy, putrid;They ate stale cornflakes and cold tinned tomatoes on toast for breakfast the next day.;HARRY POTTER AND THE SORCERER'S STONE (book)
stammer;"заикаться; запинаться (speak haltingly)";verb;;falter, stutter;He couldn't stop stammering his thanks, sounding just like Professor Quirrell.;HARRY POTTER AND THE SORCERER'S STONE (book)
stampede;обращаться в паническое бегство, кидаться врассыпную;verb;stæmˈpiːd;;"There was a yell of, ""Get him, Dad!"" from Fred or George; Mrs. Weasley was shrieking, ""No, Arthur, no!""; the crowd stampeded backward, knocking more shelves over.";fear, HARRY POTTER AND THE CHAMBER OF SECRETS (book)
stand;"1) стоять; 2) выдерживать, выносить, терпеть; 3) быть определённого роста; достигать определённой высоты";verb;;bear, endure, make up, put up with;Commissioned by the Royal Society of Arts, the sculpture stands 24 feet (7 metres) high beside the river Thames in London. | Even without his shoes he stood over two metres tall. | If you want to know the truth, I can't even stand ministers. | It was a magnificent mirror, as high as the ceiling, with an ornate gold frame, standing on two clawed feet. There was an inscription carved around the top.;appearance, LANGUAGE COURSES
standard of living;жизненный уровень, уровень жизни;noun;;;The standard of living in many developing countries is low.;LANGUAGE COURSES
stand out;выделяться, выступать (to be very noticeable);phrase;;;He looked carefully at Harry, his eyes lingering on the scar that stood out, livid, on Harry's forehead.;HARRY POTTER AND THE SORCERER'S STONE (book), phrasal verbs
stand up to smb.;противиться, сопротивляться (to defend yourself against a powerful person or organization when they treat you unfairly);phrase;;;"""So you mean the Stone's only safe as long as Quirrell stands up to Snape?"" said Hermione in alarm. | ""You've got to stand up to him, Neville!"" said Ron.";HARRY POTTER AND THE SORCERER'S STONE (book), phrasal verbs
stare;пристально смотреть, глазеть, пялиться;verb;;gaze;Ron, though, was staring transfixed at his image. | The hundreds of faces staring at them looked like pale lanterns in the flickering candlelight.;glance
starter;первое блюдо, подаваемой во время трапезы;noun;;;We had soup as a starter.;LANGUAGE COURSES, meal
start from scratch;"начинать с нуля; на пустом месте";phrase;;;I built every bit of my own house. I started from scratch and did everything with my own hands.;idioms, LANGUAGE COURSES, work
startle;испугать, напугать (to do something unexpected which surprises and sometimes worries a person or animal);verb;;;The noise of the car startled the birds and the whole flock flew up into the air.;fear, сложные слова
start out;начинать профессиональную деятельность;phrase;;;First-born children are difficult to classify because they started out as only children but later give up that position.;LANGUAGE COURSES, phrasal verbs
starvation;голодание, голод;noun;;famine, hunger;;
starve;умирать от голода (have a craving, appetite, or great desire for) ;verb;;;"""Starving,"" said Harry, taking a large bite out of a pumpkin pasty.";HARRY POTTER AND THE SORCERER'S STONE (book)
stead;"1) место; 2) земельная собственность, имение, ферма";noun;;;in smb.'s stead[вместо кого-л.];
steady;"1) прочный, твердый; 2) устойчивый, постоянный";adjective;;fast, firm, stable, strong, tough;Harry made a sharp about-face and held the broom steady.;
steady;"укреплять; придавать устойчивость";verb;;;Now I was on the way to the bathroom to get a good shot of bourbon or something to steady my nerves and help me really go into action.;THE CATCHER IN THE RYE (book)
steal;"1) воровать, красть; 2) делать незаметно; делать украдкой";verb;;sneak, thieve;"British police say two robbers broke into an elderly woman's home, stole money and then snapped the neck of her pet budgerigar in front of her. | He was sacked after he was caught stealing office equipment. | ""Well, it's true,"" Harry chortled as they reached the top of the marble staircase, ""If he hadn't stolen Neville's Remembrall I wouln't be on the team...""";fraud
steamroller;подавлять, сокрушать;verb;;;You missed the last Quidditch match, we were steamrollered by Ravenclaw without you.;HARRY POTTER AND THE SORCERER'S STONE (book)
steel oneself;"ожесточать; придавать силу, решимость (to force yourself to get ready to do something unpleasant or difficult)";phrase;;pluck up one's courage;But Neville was clearly steeling himself to do something desperate.;HARRY POTTER AND THE SORCERER'S STONE (book), idioms
step out of line;to behave in a way that is unacceptable or not expected;phrase;;;Step out of line one more time Peters, and you're fired!;education, LANGUAGE COURSES
stern;"суровый; строгий; твердый, непреклонный";adjective;;rigid, severe, strict;;
stick;"1) втыкать, вкалывать, вонзать, колоть; 2) наклеивать, приклеивать, прилеплять; 3) завязнуть, застрять";verb;;pierce, prick, prod;A lot of the greatest wizards haven't got an ounce of logic, they'd be stuck in here forever. | Professor McGonagall flinched, but Dumbledore, who was unsticking two lemon drops, seemed not to notice. | We are stuck here![Мы застряли здесь!];
stick out;"высовываться; торчать";phrase;;;His broom was old and some of the twigs stuck out at odd angles. | She was wearing a flowered apron with a wand sticking out of the pocket.;HARRY POTTER AND THE SORCERER'S STONE (book), phrasal verbs
stick to one's guns;настоять на своем, не сдавать позиций (to maintain one's position especially in face of opposition);phrase;;;Despite harsh criticism, she's sticking to her guns on this issue.;idioms, LANGUAGE COURSES
stick to the point;держаться ближе к делу;phrase;;;I like somebody to stick to the point and all. But I don't like them to stick too much to the point. | The boys that got the best marks in Oral Expression were the ones that stuck to the point all the time.;idioms, THE CATCHER IN THE RYE (book)
stifle;"1) душить, задыхаться; 2) подавлять, глушить; 3) тушить, гасить";verb;;choke, smother, throttle;;violence
stifling;душный;adjective;ˈstaɪflɪŋ;;Being the youngest in the family can sometimes be a stifling and frustrating experience, especially if they're looking to be taken seriously and treated like an adult. | I set out leather cushions and festoons of flowers for each guest, and jars of perfumed oil to cool them in the stifling night and drive away the mosquitoes.;LANGUAGE COURSES
still;"неподвижный; спокойный; тихий, бесшумный";adjective;;calm, quiet;;
stock up on smth.;запасаться (to buy a large quantity of something);phrase;;;In Gambol and Japes Wizarding Joke Shop, they met Fred, George, and Lee Jordan, who were stocking up on Dr. Filibuster's Fabulous Wet Start, No Heat Fireworks.;HARRY POTTER AND THE CHAMBER OF SECRETS (book), phrasal verbs
stoke;"поддерживать огонь (в топке); забрасывать топливо; топить";verb;;;He was humming merrily as he stoked the fire.;HARRY POTTER AND THE SORCERER'S STONE (book)
stomp;топать (to walk with intentionally heavy steps, especially as a way of showing that you are annoyed);verb;;;Hermione was stomping up the stairs, looking disapprovingly at the package in Harry's hand.;HARRY POTTER AND THE SORCERER'S STONE (book), moving (verbs)
stoop;"сутулить(ся); горбиться; наклоняться, нагибаться";verb;;bend, bow, crouch, lean;I mean he was all stooped over, and he had very terrible posture. | The giant squeezed his way into the hut, stooping so that his head just brushed the ceiling.;THE CATCHER IN THE RYE (book)
stopper;"1) закупоривать, затыкать; 2) стопорить";verb;;;I can teach you how to bottle fame, brew glory, even stopper death - if you aren't as big a bunch of dunderheads as I usually have to teach.;HARRY POTTER AND THE SORCERER'S STONE (book)
straightaway;сразу же, тотчас же, немедленно;adverb;;;We don't have to go straightaway, do we?;LANGUAGE COURSES
strain;"1) тянуться; натягиваться, растягиваться; 2) напрягаться; переутомляться";verb;;;Harry couldn't make out the look on his face, but he was stuttering worse than ever. Harry strained to catch what they were saying. | Harry noticed that they seemed to be straining to escape the straps holding them inside the box.;HARRY POTTER AND THE SORCERER'S STONE (book)
strange;"1) незнакомый, неизвестный; 2) странный, необыкновенный, чудной, удивительный";adjective;;bizarre, eccentric, freak, odd, peculiar, queer, singular;;
strap;ремень, ремешок;noun;;;Harry noticed that they seemed to be straining to escape the straps holding them inside the box.;HARRY POTTER AND THE SORCERER'S STONE (book)
stray;"1) заблудиться; сбиваться с пути; 2) блуждать; плутать; бродить";verb;;ramble, wander;"""Clearly,"" said Mr. Malfoy, his pale eyes straying to Mr. and Mrs. Granger, who were watching apprehensively. | Ron's eyes strayed to the pile of Chocolate Frogs waiting to be unwrapped.";HARRY POTTER AND THE SORCERER'S STONE (book), moving (verbs)
streak;черта (характера);noun;striːk;;This may be a sign of the last-born's rebellious streak - a result of being fed up with always being bossed about by everyone else in the family.;LANGUAGE COURSES, traits
stress;"ставить ударение; подчеркивать";verb;;;;LANGUAGE COURSES
strict;"1) точный, определенный; 2) строгий, требовательный";adjective;;rigid, severe, stern;Every time you mention some guy that's strictly a bastard - very mean, or very conceited and all - and when you mention it to the girl, she'll tell you he has an inferiority complex.;
strictly for the birds;"1) никуда не годный; 2) только для несмышленышей";phrase;;;;idioms, THE CATCHER IN THE RYE (book)
stride;шагать большими шагами;verb;;;He strode over to the sofa where Dudley sat frozen with fear. | He threw his cloak over his head and strode out of the clearing.;HARRY POTTER AND THE SORCERER'S STONE (book), moving (verbs)
strike;ударять, бить (deliver a sharp blow, as with the hand, fist, or weapon);verb;;hit;;striking (verbs)
strike up;начинать (разговор);phrase;;;He and I were sitting in the first two chairs outside the goddam infirmary, the day school opened, waiting for our physicals, and we sort of struck up this conversation about tennis. | I sat next to her once in the bus from Agerstown and we sort of struck up a conversation.;phrasal verbs, THE CATCHER IN THE RYE (book)
string;"1) веревка; бечевка; шнурок; нитка; 2) струна; 3) ряд; 4) строка";noun;;cord, rope;;
stringent;"строгий; обязательный";adjective;ˈstrɪnʤənt;;"This is probably reasonable in many cases, but if ""probably"" isn't enough, you might want to apply more stringent controls.";INFORMATION TECHNOLOGIES
stroke;"гладить рукой; поглаживать";verb;;pat;He was always stroking his stomach or his chest.;THE CATCHER IN THE RYE (book)
stroll;"1) гулять, прогуливаться; бродить (walk leisurely and with no apparent aim); 2) странствовать";verb;;;Harry, Ron, and Hermione strolled off along the winding, cobbled street.;HARRY POTTER AND THE CHAMBER OF SECRETS (book), moving (verbs)
strong;"1) сильный, здоровый; 2) крепкий, прочный; 3) твердый";adjective;;fast, firm, stable, steady, tough;The door yielded to a strong push.[От сильного толчка дверь подалась.];
strut;ходить с важным, напыщенным видом;verb;;;Judging by the fact that Draco Malfoy usually had the best of everything, he could just see Malfoy strutting around a large manor house.;HARRY POTTER AND THE CHAMBER OF SECRETS (book), moving (verbs)
stub;"1) пень; 2) короткий обломок, остаток; обрубок; окурок";noun;;butt;Its spiny wings were huge compared to its skinny jet body, it had a long snout with wide nostrils, the stubs of horns and bulging, orange eyes.;HARRY POTTER AND THE SORCERER'S STONE (book)
stumble;спотыкаться, запинаться;verb;;falter;;
stump;"пень; дерево с обрезанной верхушкой";noun;;;They walked past a mossy tree stump.;HARRY POTTER AND THE SORCERER'S STONE (book), plants
stun;"1) сваливать ударом; оглушать; 2) ошеломлять, потрясти";verb;;daze;;
stupid;глупый, тупой (о человеке), бестолковый;adjective;;dopey, dull, foolish;It may sound good to jump in at the deep end but it will look plain stupid.;traits
sturgeon;"осетр; осетрина";noun;;;;fish
stutter;"1) заикаться; 2) запинаться";verb;;falter, stammer;Harry couldn't make out the look on his face, but he was stuttering worse than ever. Harry strained to catch what they were saying.;HARRY POTTER AND THE SORCERER'S STONE (book)
suave;"учтивый; обходительный; вежливый";adjective;swɔv;refined;I read this book once, at the Whooton School, that had this very sophisticated, suave, sexy guy in it.;THE CATCHER IN THE RYE (book), traits, самые сложные слова
subdued;подавленный, подчинённый, угнетённый;adjective;;;"But it was a subdued group that headed back to the fireside in the Leaky Cauldron.[В ""Дырявый котел"" вся компания вошла, понурив головы.]";appearance, HARRY POTTER AND THE CHAMBER OF SECRETS (book)
subsequent;более поздний, последующий, следующий;adjective;ˈsʌbsɪkwənt;;;LANGUAGE COURSES
substitute;"1) заместитель; 2) заменяющий игрок; 3) заменитель; суррогат";noun;;;I think the record is three months, they had to keep bringing on substitutes so the players could get some sleep.;HARRY POTTER AND THE SORCERER'S STONE (book)
substitute;заменять, использовать вместо чего-л.;verb;ˈsʌbstɪtjuːt;;In this cake mixture, you can substitute oil for butter.[В приготовлении теста для этого торта вы можете заменить сливочное масло подсолнечным.];LANGUAGE COURSES
subtle;"1) неуловимый, тонкий; едва различимый; 2) острый, проницательный; умный; искусный, ловкий; 3) хитрый, коварный";adjective;ˈsʌtl;;It turns out, the preceding code is plagued with some very subtle issues.;INFORMATION TECHNOLOGIES
suck up to;подлизываться;phrase;;;I suppose you mean we ought to spend all our time sucking up to Them, and currying favour, and dancing attendance on Them like you do.;idioms, phrasal verbs, THE SILVER CHAIR (book) 
sudden;внезапный, неожиданный;adjective;;abrupt;Harry told the other two about Snape's sudden, sinister desire to be a Quidditch referee.;
suffice to say;достаточно сказать (it is enough to say);phrase;səˈfaɪs;;Suffice to say, things get messy immediately, and the intent of our code gets more blurry by the minute.;INFORMATION TECHNOLOGIES
suggest;"предлагать; советовать";verb;;propose;An informal survey conducted on the Tokyo streets by Japan Today magazine, however, suggests that the nations' teens have other reasons for keeping hold of 'their best electric friend'. | I suggested a few drinks after work, and the whole thing snowballed into a company party.;
sulky;мрачный, надутый, угрюмый;adjective;;gloomy;The Russians seem to be very sulky people.;appearance, LANGUAGE COURSES
summon;вызвать, позвать (call in an official matter, such as to attend court) ;verb;ˈsʌmən;;We were summoned to the director's office.;education, LANGUAGE COURSES
sumptuous;"роскошный; богатый; пышный, шикарный";adjective;ˈsʌmpˌtjuəs;;On their last evening, Mrs. Weasley conjured up a sumptuous dinner that included all of Harry's favorite things, ending with a mouth-watering treacle pudding.[В последний вечер миссис Уизли устроила грандиозный обед: она сварила, нажарила, испекла все любимые кушанья Гарри. На сладкое был пудинг из патоки - пальчики оближешь!];HARRY POTTER AND THE CHAMBER OF SECRETS (book)
superficial;внешний, неглубокий, поверхностный;adjective;ˌs(j)uːpəˈfɪʃ(ə)l;;Genuine conversation will be driven out by superficial communication, in which the act of contacting one another is all that matters, leading to a deterioration in the quality of relationships.;LANGUAGE COURSES
superior;"1) лучший, превосходящий; превосходный; 2) высокомерный";adjective;;ace, splendid;He's got this superior attitude all the time.;THE CATCHER IN THE RYE (book), traits
supply;"1) снабжать, поставлять; доставлять, давать; 2) питать";verb;;provide;;
suppress;"1) пресекать; сдерживать; 2) подавлять (сопротивление)";verb;;;I'm so tired of being here suppressed by all of my childish fears.[Я больше не хочу быть здесь, угнетённая своими детскими страхами.];SONGS
surge;"1) большая волна; волны; 2) подъём, рост; всплеск (цен, активности и т. п.)";noun;;;Harry felt a hot surge of anger.;HARRY POTTER AND THE CHAMBER OF SECRETS (book)
surplus;"излишний, избыточный; добавочный";adjective;ˈsɜːpləs;;Her friend, proprietor of Tlokweng Road Speedy Motors brought her an old typewriter which was surplus to his own requirements and which worked quite well.;LANGUAGE COURSES, work
surround;окружать;verb;;beleaguer, besiege, encircle;;battle
survey;опрос, анкетирование (an examination of opinions, behaviour, etc., made by asking people questions);noun;ˈsɜːveɪ;;68 percent of children who responded to DoCoMo survey and owned a mobile phone said they got poor grades at school. | An informal survey conducted on the Tokyo streets by Japan Today magazine, however, suggests that the nations' teens have other reasons for keeping hold of 'their best electric friend'.;LANGUAGE COURSES
suspend;"1) вешать, подвешивать; 2) приостанавливать; откладывать; (временно) прекращать";verb;;;Imagine sitting at a table with a fork, about to spear the last piece of food on a platter, and as your fork reaches for it, the food suddenly vanishes - because your thread was suspended and another diner came in and ate the food.;INFORMATION TECHNOLOGIES
suspense;"беспокойство; тревога ожидания; неопределенность; нерешенность";noun;;;Suspense is good for some bastards like Stradlater.;THE CATCHER IN THE RYE (book), самые сложные слова
swain;деревенский парень, деревенщина;noun;;;He merely sprang to the side and ran stiffly ahead for several awkward leaps, in carriage and conduct resembling an abashed country swain.;odd people, WHITE FANG (book)
swallow;"1) глоток; 2) ласточка";noun;;gulp;Anyway, first he'd take a swallow and squirt it all over her, then she did it to him - they took turns, for God's sake.;birds, THE CATCHER IN THE RYE (book)
swanky;"щегольской; модный";adjective;;;You could tell, for one thing, that they never went anywhere swanky for lunch.;THE CATCHER IN THE RYE (book)
swap;"менять(ся); обменивать(ся)";verb;;;People are being downright careless, out on the streets in broad daylight, not even dressed in Muggle clothes, swapping rumors. | Up at the High Table, Dumbledore had swapped his pointed wizard's hat for a flowered bonnet, and was chuckling merrily at a joke Professor Flitwick had just read him.;HARRY POTTER AND THE SORCERER'S STONE (book)
swarm;"1) рой; туча; стая; 2) толпа (a moving crowd) ";noun;;crowd, flock;;animals, birds
swarthy;смуглый;adjective;;;He had a swarthy, clever face, a pointed beard and, Harry noticed, very long fingers and feet.;appearance, HARRY POTTER AND THE SORCERER'S STONE (book)
sway;качать(ся), колебать(ся);verb;;swing;The troll swayed on the spot and then fell flat on its face, with a thud that made the whole room tremble.;
swell;"(устар.) щегольской, шикарный; отличный, замечательный, превосходный";adjective;;;He was telling us all about what a swell guy he was. | The kid was swell. He was walking in the street, instead of on the sidewalk, but right next to the curb.;THE CATCHER IN THE RYE (book)
swell;надуваться, раздуваться, набухать, разбухать, опухать;verb;;;By the next morning, Ron's bitten hand had swollen to twice its usual size.;HARRY POTTER AND THE SORCERER'S STONE (book)
swerve;отклоняться от прямого пути, сворачивать в сторону (to change direction, especially suddenly);verb;swɜːv;;The driver swerved to avoid hitting the dog.;REPEATING
swift;быстрый, скорый, борзый;adjective;;fast, prompt, quick, rapid, speedy;;
swindle;лишить путем обмана;verb;;cheat, chisel, defraud, hoodwink;;fraud
swing;"качать(ся), колебать(ся); размахивать";verb;;sway;;
swish;"свист (хлыста); взмах со свистом";noun;;;He turned on his heel and with a swish of his cloak, he was gone.;HARRY POTTER AND THE SORCERER'S STONE (book)
swoop;"устремляться вниз; налетать; бросаться";verb;;;It didn't so much as quiver when a car door slammed on the next street, nor when two owls swooped overhead. | They don't look very vicious, but I suppose if they all swooped down at once... | What a feeling - he swooped in and out of the goal posts and then sped up and down the field.;HARRY POTTER AND THE SORCERER'S STONE (book)
tabby;полосатый;adjective;;;There was a tabby cat standing on the corner of Privet Drive, but there wasn't a map in sight.;HARRY POTTER AND THE SORCERER'S STONE (book)
tack;"гвоздик с широкой шляпкой; канцелярская кнопка";noun;;;something sharp as a tack;THE CATCHER IN THE RYE (book)
tackle;биться (над какой-л. задачей), пытаться найти решение (каких-л. вопросов);verb;;;Partitioning also enables database designers and administrators to tackle some of the toughest problems posed by cutting-edge applications.;INFORMATION TECHNOLOGIES
tailcoat;фрак;noun;;;Smeltings' boys wore maroon tailcoats, orange knickerbockers, and flat straw hats called boaters.;clothes, HARRY POTTER AND THE SORCERER'S STONE (book)
tailor;портной;noun;;;He recommended the tailor he always goes to and now I wish we'd been able to try him out but unfortunately we were unable to connect with him.;clothes, LANGUAGE COURSES
take a different look at smth.;взглянуть на что-л. по другому;phrase;;;"""You took a different look at me when I showed up with twenty-seven thousand dollars,"" he said.";LANGUAGE COURSES
take advantage of smth.;воспользоваться чем-л. (to use the good things in a situation);phrase;;;Teenagers can be seen taking advantage of every spare minute to touch base with their friends. It is not the content of the communication but the act of staying in touch that matters.;idioms, LANGUAGE COURSES
take after smb.;походить на;phrase;;look like, resemble;So.. do you think Tim takes after his dad?;appearance, idioms, phrasal verbs, relationship
take a gander at smth.;(US) взглянуть (to have a quick look);phrase;;;Let's take a gander at your new car, then.;glance, idioms, INFORMATION TECHNOLOGIES
take a leak;помочиться;phrase;;relieve oneself;I figured it was some perverty bum that'd sneaked in the school late at night to take a leak or something and then wrote it on the wall.;idioms, THE CATCHER IN THE RYE (book)
take care of;заботиться о, смотреть за;phrase;;look after, tend;;
take into custody;арестовать, брать под стражу;phrase;;arrest;;violence
take one's mind off;перестать думать о чём-л.;phrase;;;He wanted that book back, to take his mind off his nerves about tomorrow.;HARRY POTTER AND THE SORCERER'S STONE (book)
take over;"вступать во владение (вместо другого лица); захватить власть (seize and take control without authority and possibly with force)";phrase;;;Haven't you heard what it was like when Voldemort was trying to take over?;HARRY POTTER AND THE SORCERER'S STONE (book)
take over from;"наследовать; перенимать";phrase;;;For a lot of us, the workplace has also taken over from the community as the place of human contact.;LANGUAGE COURSES, phrasal verbs, work
take smb. for smb.;принимать кого-то за кого-то другого;phrase;;;I am not the person you take me for.[Я не тот, за кого вы меня принимаете.] | I took him for an Englishman.[Я принял его за англичанина.];LANGUAGE COURSES, phrasal verbs
talebearer;"сплетник; доносчик, ябедник";noun;ˈteɪlˌbɜərə;;It was the voice of Edith Jackle, not one of Them herself but one of their hangers-on and talebearers.;odd people, THE SILVER CHAIR (book) 
tan;"смуглость; загар";noun;;;You are so red! How long have you been catching tan?;holidays, LANGUAGE COURSES
tangle;запутывать(ся);verb;;snarl;His face was almost completely hidden by a long, shaggy mane of hair and a wild, tangled beard, but you could make out his eyes, glinting like black beetles under all the hair.;HARRY POTTER AND THE SORCERER'S STONE (book)
tantrum;"вспышка раздражения; вспышка гнева";noun;;;Dudley was now having a tantrum and throwing his cereal at the walls. | Harry, who could see a huge Dudley tantrum coming on, began wolfing down his bacon as fast as possible in case Dudley turned the table over.;HARRY POTTER AND THE SORCERER'S STONE (book), самые сложные слова
tap;"постукивать; стучать";verb;;knock, rap;The best man tapped the side of his glass lightly with a knife to get the guests attention. | There was suddenly a loud tapping noise. | Uncle Vernon tapped on the glass, but the snake didn't budge.;HARRY POTTER AND THE SORCERER'S STONE (book), striking (verbs)
tapestry;"затканная от руки материя; гобелен";noun;ˈtæpɪstrɪ;;They ripped through a tapestry and found themselves in a hidden passageway, hurtled along it and came out near their Charms classroom.;HARRY POTTER AND THE SORCERER'S STONE (book)
tar;"мазать дегтем; смолить";verb;;pitch;tar and feather[вымазав дегтем, обвалять в перьях];
target;"1) мишень, цель; 2) задание";noun;;aim, end, goal, objective, purpose;;
tart;"пирог; домашний торт";noun;tɑːrt;;A moment later the desserts appeared. Blocks of ice cream in every flavor you could think of, apple pies, treacle tarts, chocolate eclairs and jam doughnuts, trifle, strawberries, Jell-O, rice pudding.;HARRY POTTER AND THE SORCERER'S STONE (book), meal
taunt;"насмехаться, говорить колкости; дразнить";verb;tɔːnt;;So Malfoy, jealous and angry, had gone back to taunting Harry about having no proper family.;HARRY POTTER AND THE SORCERER'S STONE (book)
tawny;"рыжевато-коричневый; темно-желтый";adjective;;;None of them noticed a large, tawny owl flutter past the window.;colors, HARRY POTTER AND THE SORCERER'S STONE (book)
tear;разрывать(ся), рвать(ся);verb;;rip;;violence
teeter;"качаться на качелях; качаться, колебаться";verb;;;;сложные слова
tell;"1) рассказывать; говорить; сказать; 2) отличать; различать";verb;;distinguish, make out, narrate, relate;I won't even tell you what they did to him - it's too repulsive - but he still wouldn't take it back, old James Castle. | They look so much like each other that nobody can't tell one from the other.;LANGUAGE COURSES
tell on smb.;"ябедничать; доносить на (кого-л.)";phrase;;betray, give away;I cannot believe you're going to tell on me.;IT CROWD, phrasal verbs
tell smb. off;"ругать; отчитывать, бранить, разносить (to speak angrily to someone because they have done something wrong)";phrase;;;Ron had started telling people off for laughing at Quirrell's stutter. | When it bit me he told me off for frightening it.;HARRY POTTER AND THE SORCERER'S STONE (book), phrasal verbs
temperate;воздержанный, умеренный, выдержанный;adjective;ˈtempərɪt;mild, moderate;;
temple;висок;noun;;;Mr. Dursley jumped to his feet, veins throbbing in his temples.;body parts, HARRY POTTER AND THE CHAMBER OF SECRETS (book)
tend;"1) ухаживать, заботиться, присматривать; 2) иметь тенденцию (к чему-л.); клониться, склоняться (к чему-л.)";verb;;look after, take care of;Doctors these days tend to be more open-minded about alternative medicine.;сложные слова
tender;"1) нежный; мягкий; 2) ласковый; любящий; 3) заботливый, внимательный, чуткий";adjective;;affectionate;His teeth crunched through the tender flesh and fragile bones.;traits, WHITE FANG (book)
tentacle;щупальце;noun;ˈtentəkl;;The Weasley twins and Lee Jordan were tickling the tentacles of a giant squid, which was basking in the warm shallows.;animals, HARRY POTTER AND THE SORCERER'S STONE (book)
terrific;"1) ужасающий; 2) огромный; 3) необычайный; потрясающий";adjective;;enormous, tremendous;He leaped with a terrific energy, doubled like a spring, attained speed, and moved with effortless beauty. | He's a terrific snob and he won't hardly even talk to you unless you're a big shot or a celebrity or something, but he can really play the piano. | I'm the most terrific liar you ever saw in your life. | One thing I have, it's a terrific capacity. | You know when a girl's really a terrific dancer?;fear, THE CATCHER IN THE RYE (book)
terrify;"ужасать, внушать или вселять ужас, страх (fill with terror; frighten greatly)";verb;;frighten, horrify, scare;The robbers terrified the old man into giving them all his money.[Грабители так напугали старика, что он отдал им все деньги.];fear, violence
terror;"ужас, страх; террор";noun;;awe, dread, fear, fright, horror;;fear, violence
testify;"давать показания, свидетельствовать, показывать (to speak seriously about something, especially in a court of law; to give or provide proof)";verb;ˈtestɪfaɪ;;One of the best understood domains of concurrency is in data processing, as testified by the long history of query optimization in database management systems.;INFORMATION TECHNOLOGIES
thaw;"таять; согреваться; смягчаться";verb;;melt;;
the New Testament;Новый Завет;noun;;;However the New Testament mentions neither a manger as we understand it nor an inn when describing the Christmas story.;MYSTAGOGY, religion
thick;"1) толстый; полный; 2) вязкий, густой; 3) неразборчивый, невнятный (о речи)";adjective;;;"A hundred fat, roast turkeys; mountains of roast and boiled potatoes; platters of chipolatas; tureens of buttered peas, silver boats of thick, rich gravy and cranberry sauce - and stacks of wizard crackers every few feet along the table. | Harry had torn open the parcel to find a thick, hand knitted sweater in emerald green and a large box of homemade fudge. | He had a thick way of talking and a missing tooth in a corner of his smile. | The envelope was thick and heavy, made of yellowish parchment, and the address was written in emerald-green ink.";appearance, VOA
thickset;коренастый (describes a person, especially a man, whose body is wide across the shoulders and chest and who is short);adjective;;dumpy, squat;Both of them were thickset and looked extremely mean.;appearance, HARRY POTTER AND THE SORCERER'S STONE (book), самые сложные слова
thieve;"красть; воровать";verb;;sneak, steal;;fraud
think better of smth.;"передумать; отказаться от намерения (сделать что-л.)";phrase;;;The assistant looked as though he wanted to stop them leaving, but he barely came up to Hagrid's waist and seemed to think better of it.[Продавец хотел было остановить их, но он был Хагриду ровно по пояс, и благоразумно передумал.];HARRY POTTER AND THE CHAMBER OF SECRETS (book), idioms
thorough;"тщательный; основательный; доскональный";adjective;;;;
threshold;порог, пороговая величина;noun;ˈθreʃ(h)əuld;;"For example: ""the time to respond to the user should be under a certain threshold.""";INFORMATION TECHNOLOGIES
thrill;"испытывать трепет, дрожь; сильно взволноваться";verb;;;She was thrilling to a desire that urged her to go forward, to be in closer to that fire, to be squabbling with the dogs, and to be avoiding and dodging the stumbling feet of men.;fear, WHITE FANG (book)
thrive;"1) пышно расти, разрастаться; 2) процветать, преуспевать";verb;;flourish, prosper;;сложные слова
throb;сильно биться, пульсировать;verb;;;Mr. Dursley jumped to his feet, veins throbbing in his temples.;HARRY POTTER AND THE CHAMBER OF SECRETS (book)
throng;"толпиться; заполнять (press tightly together or cram)";verb;;;They crammed their pockets with the last of the sweets and joined the crowd thronging the corridor.;HARRY POTTER AND THE SORCERER'S STONE (book)
throttle;"душить; задыхаться (reduce the air supply)";verb;;choke, stifle;;violence, сложные слова
throughout;"1) повсюду, везде; 2) всё время, в течение всего времени";adverb;θruˈaʊt;;She insists upon strict discipline throughout the school, and if you take my advice you will do your very best to behave yourselves in her presence. | She was chatting throughout the whole maths lesson.;LANGUAGE COURSES
throw;бросать, швырять, кидать;verb;;cast, chuck, fling, hurl, pitch, toss;"A bundle of walking sticks was floating in midair ahead of them, and as Percy took a step toward them they started throwing themselves at him. | Dudley was now having a tantrum and throwing his cereal at the walls. | ""That's a broomstick,"" he said, throwing it back to Harry with a mixture of jealousy and spite on his face. | Then they drank their tea, watching a small boy at the edge of the road throwing stones at a skeletal dog.";
thrust;"1) толкать, пихать; 2) колоть, пронзать, наносить колющий удар; протыкать; 3) лезть, пролезать, протискиваться; 4) совать, засовывать";verb;;pierce, push, shove;He thrust his hand into his pocket. | Malfoy thrust Ginny's old Transfiguration book at her, his eyes glittering with malice.;moving (verbs), REPEATING
thud;глухой звук, стук (от падения тяжёлого предмета);noun;θʌd;;The troll swayed on the spot and then fell flat on its face, with a thud that made the whole room tremble.;HARRY POTTER AND THE SORCERER'S STONE (book), sounds
thug;"убийца; головорез, бандит";noun;;;Women don't want gentlemen, they want bullies and thugs.;IT CROWD, odd people
thump;"наносить тяжелый удар; ударять, колотить";verb;;beat, poke, pound, pummel;;striking (verbs)
thus;таким образом, соответственно;adverb;ðʌs;;For maintenance operations across an entire database object, it is possible to perform these operations on a per-partition basis, thus dividing the maintenance process into more manageable chunks.;INFORMATION TECHNOLOGIES
tickle;"1) щекотать; 2) веселить; доставлять удовольствие; 3) легко касаться";verb;;;Something like that - a guy getting hit on the head with a rock or something - tickled the pants off Ackley. | Then there were doors that wouldn't open unless you asked politely, or tickled them in exactly the right place, and doors that weren't really doors at all, but solid walls just pretending. | The Weasley twins and Lee Jordan were tickling the tentacles of a giant squid, which was basking in the warm shallows.;THE CATCHER IN THE RYE (book), самые сложные слова
tight-fisted;скупой;adjective;;mean;Don't imagine Gillian'll buy you a drink - she's too tight-fisted.;LANGUAGE COURSES, traits
tights;"трико; колготки";noun;;;A ghost wearing a ruff and tights had suddenly noticed the first years.;clothes, HARRY POTTER AND THE SORCERER'S STONE (book)
tile;кафель, плитка;noun;;;;
timid;"застенчивый; робкий, боязливый, пугливый";adjective;;shy;;traits
tinge;"легкая окраска; оттенок";noun;tɪŋ;;Draco Malfoy didn't go red, but a pink tinge appeared in his pale cheeks.;HARRY POTTER AND THE SORCERER'S STONE (book)
tip;"1) опрокидываться; переворачиваться; 2) опрокидывать; сваливать, сбрасывать";verb;;topple;"""You have these,"" Harry mumbled to her, tipping the books into the cauldron.";HARRY POTTER AND THE CHAMBER OF SECRETS (book)
tired;"усталый, уставший, утомленный; выдохшийся";adjective;;exhausted, run-down, weary;"I was feeling tired and lethargic. | Once, Aunt Petunia, tired of Harry coming back from the barbers looking as though he hadn't been at all, had taken a pair of kitchen scissors and cut his hair so short he was almost bald except for his bangs, which she left ""to hide that horrible scar.""";appearance
tissue;"1) ткань, материя (особенно тонкая, дорогая); 2) бумажный носовой платок, бумажная салфетка";noun;ˈtɪʃuː;fabric;She handed me a tissue just as I sneezed.;LANGUAGE COURSES
topple;"валиться, падать (головой вниз); опрокидываться";verb;;tip;Neville suddenly let out a frightened squeak and broke into a run - he tripped, grabbed Ron around the waist, and the pair of them toppled right into a suit of armor.;HARRY POTTER AND THE SORCERER'S STONE (book)
torment;мучить, причинять боль;verb;tɔ:rˈment;martyr, torture;;violence
torture;пытать, мучить;verb;ˈtɔ:rʧər;martyr, torment;;violence
toss;бросать, кидать, метать;verb;;cast, chuck, fling, hurl, pitch, throw;It's like they're pally-wally when there's a problem with their printer but once it's fixed... They toss us away like yesterday's jam! | The dictionary calls it 'keeping two or more objects in the air at one time by alternately tossing and catching them'.;
touch;"1) прикосновение, касание; 2) чуточка, щепотка (a small amount); 3) штрих; характерная черта, отметина (a small addition or detail which makes something better)";noun;;;The sane man knows that he has a touch of the beast, a touch of the devil, a touch of the saint, a touch of the citizen. Nay, the really sane man knows that he has a touch of the madman.;MYSTAGOGY
touch base;контактировать, связываться, возобновлять контакт;phrase;;;Teenagers can be seen taking advantage of every spare minute to touch base with their friends. It is not the content of the communication but the act of staying in touch that matters.;idioms, LANGUAGE COURSES, relationship
touchy;обидчивый;adjective;;;;THE CATCHER IN THE RYE (book), traits
tough;"1) жесткий, твердый; 2) плотный; 3) тугой, крепкий, прочный";adjective;;fast, firm, stable, steady, strong;I'd probably go down to the can and sneak a cigarette and watch myself getting tough in the mirror. | Partitioning also enables database designers and administrators to tackle some of the toughest problems posed by cutting-edge applications.;
tramp;бродяга, бомж (a person with no home, job or money who travels around and asks for money from other people);noun;;;You know, I just spent the last hour thinking you were some sort of disgusting tramp.;IT CROWD, odd people
transfix;"1) приколоть, пригвоздить; 2) приковывать к месту (об ужасе, удивлении и т. п.)";verb;trænsˈfɪks;;Ron, though, was staring transfixed at his image.;HARRY POTTER AND THE SORCERER'S STONE (book)
trapdoor;люк, опускная дверь;noun;;;It was standing on a trapdoor.;HARRY POTTER AND THE SORCERER'S STONE (book)
treacle;патока;noun;ˈtriːkəl;;A moment later the desserts appeared. Blocks of ice cream in every flavor you could think of, apple pies, treacle tarts, chocolate eclairs and jam doughnuts, trifle, strawberries, Jell-O, rice pudding.;HARRY POTTER AND THE SORCERER'S STONE (book), meal, самые сложные слова
tread;"1) идти, ступать, шагать; 2) наступать, давить";verb;tred;;Passing to my window, I trod on a piece of Lego.;IT CROWD, moving (verbs)
treat;"1) удовольствие, наслаждение; 2) развлечение; 3) угощение";noun;;delight, enjoyment, gratification, pleasure;;
treat;"1) обращаться; обходиться; относиться; 2) лечить; подлечивать; 3) угощать; пригласить; 4) иметь дело; вести переговоры; договариваться";verb;;;Being the youngest in the family can sometimes be a stifling and frustrating experience, especially if they're looking to be taken seriously and treated like an adult. | I've treated you dirty, but you have always treated me white. | The next morning in Defense Against the Dark Arts, while copying down different ways of treating werewolf bites, Harry and Ron were still discussing what they'd do with a Sorcerer's Stone if they had one.;
tremble;"1) дрожать, трястись; 2) трепетать, страшиться, опасаться; 3) колыхаться, развеваться";verb;;quake, quiver, shake, shiver;The troll swayed on the spot and then fell flat on its face, with a thud that made the whole room tremble. | to tremble like an aspen leaf[дрожать как осиновый лист];fear, violence
tremendous;"огромный, громадный; потрясающий; страшный, ужасный";adjective;;enormous, terrific;;
trend;курс, общее направление, тенденция;noun;;;If this trend continues, two things are likely to happen.;LANGUAGE COURSES
trial;"1) испытание; проба; опыт; 2) судебный процесс; суд";noun;;;;
tricky;"1) хитрый; 2) ловкий; искусный";adjective;;cunning, dodgy, sly, wily;Then Hermione had performed a tricky little charm so that the paint flashed different colors.;fraud, HARRY POTTER AND THE SORCERER'S STONE (book), traits
trifle;"1) пустяк; 2) бисквит, пропитанный вином и залитый взбитыми сливками";noun;ˈtraɪfəl;;A moment later the desserts appeared. Blocks of ice cream in every flavor you could think of, apple pies, treacle tarts, chocolate eclairs and jam doughnuts, trifle, strawberries, Jell-O, rice pudding.;HARRY POTTER AND THE SORCERER'S STONE (book), meal
trim;украшать;verb;;decorate, embellish;Are you or aren't you coming over to help me trim the tree Christmas Eve?;THE CATCHER IN THE RYE (book)
trouble;"1) тревожить, беспокоить; 2) затруднять, утруждать";verb;;bother, disturb;;
trout;форель;noun;;;Thousands of young salmon and trout have been killed by the pollution.;fish, REPEATING
trudge;идти с трудом, устало тащиться;verb;;;"""That Quidditch cup'll have our name on it this year,"" said Wood happily as they trudged back up to the castle.";HARRY POTTER AND THE SORCERER'S STONE (book), moving (verbs)
trundle;"везти; катить(ся)";verb;;roll, wheel;;
trunk;"1) ствол (дерева); 2) дорожный сундук; 3) хобот";noun;;;Owls hooted to one another in a disgruntled sort of way over the babble and the scraping of heavy trunks. | Uncle Vernon dumped Harry's trunk onto a cart and wheeled it into the station for him.;animals, HARRY POTTER AND THE SORCERER'S STONE (book)
try smth. out;опробовать (to use something to discover if it works or if you like it);phrase;;;He recommended the tailor he always goes to and now I wish we'd been able to try him out but unfortunately we were unable to connect with him.;LANGUAGE COURSES, phrasal verbs
tuck;засовывать;verb;;;He laid Harry gently on the doorstep, took a letter out of his cloak, tucked it inside Harry's blankets, and then came back to the other two. | With the twins' help, Harry's trunk was at last tucked away in a corner of the compartment.;HARRY POTTER AND THE SORCERER'S STONE (book)
tuft;пучок (a bunch of hair or feathers or growing grass);noun;;;Under a tuft of jet-black hair over his forehead they could see a curiously shaped cut, like a bolt of lightning.;HARRY POTTER AND THE SORCERER'S STONE (book)
tug;тащить, дёргать с усилием (to pull something quickly and usually with a lot of force);verb;;;They tugged and heaved at the door, but it wouldn't budge, not even when Hermione tried her Alohomora charm.;HARRY POTTER AND THE SORCERER'S STONE (book)
tumble;падение (when someone falls);noun;;;Hello? I've had a bit of a tumble...;IT CROWD
tumbledown;обветшалый, полуразрушенный, развалившийся;adjective;;;They had landed next to a tumbledown garage in a small yard, and Harry looked out for the first time at Ron's house.;appearance, HARRY POTTER AND THE CHAMBER OF SECRETS (book)
tumor;опухоль;noun;;;I have this tiny little tumor on the brain.;medicine, THE CATCHER IN THE RYE (book), самые сложные слова
tune in;настраиваться на одну волну (to watch or listen to a particular television or radio programme or station);phrase;;;Millions of viewers tune in every weekday for 'News at Night'.;films, LANGUAGE COURSES, phrasal verbs
turd;говно, дерьмо (разг.);noun;;crap;He started handling my exam paper like it was a turd or something.;THE CATCHER IN THE RYE (book)
tureen;супник, супница;noun;təˈriːn;;"A hundred fat, roast turkeys; mountains of roast and boiled potatoes; platters of chipolatas; tureens of buttered peas, silver boats of thick, rich gravy and cranberry sauce - and stacks of wizard crackers every few feet along the table.";HARRY POTTER AND THE SORCERER'S STONE (book), tableware, самые сложные слова
turquoise;бирюзовый цвет;adjective;ˈtɜːkwɑːz;;Ron was leaning out of the back window of an old turquoise car, which was parked in midair.;colors, HARRY POTTER AND THE CHAMBER OF SECRETS (book)
turret;башенка (a small circular tower which is part of a castle or a large building);noun;ˈtʌrɪt;;Silhouetted on the dark horizon, high on the cliff over the lake, stood the many turrets and towers of Hogwarts castle.;HARRY POTTER AND THE CHAMBER OF SECRETS (book)
turtleneck;с высоким воротом;adjective;;;He had on this turtleneck sweater I'd lent him.;clothes, THE CATCHER IN THE RYE (book), самые сложные слова
twiddle;вертеть, крутить (что-л.);verb;;whirl;Fred twiddled the steering wheel.;HARRY POTTER AND THE CHAMBER OF SECRETS (book)
twig;"веточка, прут, хворостинка; ветвь, ветка";noun;;;His broom was old and some of the twigs stuck out at odd angles. | Sleek and shiny, with a mahogany handle, it had a long tail of neat, straight twigs and Nimbus Two Thousand written in gold near the top.;HARRY POTTER AND THE SORCERER'S STONE (book), plants
twinkle;"1) блестеть, мерцать, сверкать; 2) мигать, подмигивать";verb;;blink, flicker, shimmer;Paris stretched out before him with its million lights twinkling in the early dusk.;glance, shine
twitch;"дергать(ся); подергивать(ся) (move with abrupt, seemingly uncontrolled motions)";verb;;jerk;One of his eyes was twitching.;HARRY POTTER AND THE SORCERER'S STONE (book)
twitter;"1) щебетать, чирикать; 2) болтать";verb;;chatter, chirp, chirrup;;sounds
tyke;малыш;noun;;;;HARRY POTTER AND THE SORCERER'S STONE (book)
tyranny;деспотизм, деспотия, тирания;noun;ˈtɪr(ə)nɪ;;This, the president promised us, was a war against tyranny.;LANGUAGE COURSES
ultimately;в конечном счёте, в конце концов;adverb;ˈʌltɪmətlɪ;eventually, finally, in the end;Ultimately, I would like to set up my own restaurant business but I obviously need to get more experience first.;LANGUAGE COURSES
unclean;нечистый, грязный;adjective;;dirty, grubby;;appearance, pollution
undermine;"1) подкапывать, делать подкоп; 2) разрушать, подрывать; 3) повредить репутации (to make someone less confident, less powerful or less likely to succeed, or to make something weaker, often gradually)";verb;;;You don't know anything about computers, admit it! - Will you stop trying to undermine me!;IT CROWD, work
undertaking;"1) предприятие, дело, начинание; 2) лавка гробовщика, похоронное бюро";noun;;;;THE CATCHER IN THE RYE (book)
undue;непомерный, чрезмерный;adjective;;;His mother, coming home, growled as she smelt the wolverine's track, and bounded into the cave and licked and nozzled him with undue vehemence of affection.;WHITE FANG (book)
uneasy;беспокойный, тревожный;adjective;ʌnˈiːzɪ;;Indeed, many become extremely uneasy if unable to contact their peers countless times each day, fearing they are becoming socially isolated.;appearance, LANGUAGE COURSES
unforeseen;неожиданный, непредвиденный, непредусмотренный;adjective;;;Unless there are any unforeseen problems the whole project should be finished by the spring.;LANGUAGE COURSES, work
unicorn;единорог;noun;;;And what if whatever hurt the unicorn finds us first?;HARRY POTTER AND THE SORCERER'S STONE (book), mythology
uniformity;единообразие;noun;;;Is the uniformity of globalisation here to stay?;LANGUAGE COURSES
unlikely;маловероятный, неправдоподобный;adjective;;;People who don't make mistakes are unlikely to learn anything.[Люди, которые не делают ошибок, вряд ли чему-нибудь научатся.];LANGUAGE COURSES
unravel;распутывать(ся);verb;ʌnˈræv(ə)l;;Wriggling and flailing, it unraveled itself from their bodies, and they were able to pull free.;HARRY POTTER AND THE SORCERER'S STONE (book)
unsurpassed;непревзойдённый;adjective;ˌʌnsəˈpɑːst;;The staff and physicians at Amarillo Endoscopy Center are committed to providing patients with unsurpassed quality and cost effective services.;LANGUAGE COURSES
uproar;"1) шум, гул, гудение (людей); 2) волнение, озабоченность";noun;ˈʌprɔː;din, racket;There was an uproar.;HARRY POTTER AND THE SORCERER'S STONE (book)
up until that point;до этого момента ;adverb;;;A cinema opened in my town last year. Up until that point, the nearest one had been 40 km away.;LANGUAGE COURSES
urge;"подгонять, подстегивать; побуждать, толкать";verb;;;She was thrilling to a desire that urged her to go forward, to be in closer to that fire, to be squabbling with the dogs, and to be avoiding and dodging the stumbling feet of men.;WHITE FANG (book)
urgent;срочный, неотложный, безотлагательный;adjective;;imperative;;
usher;"провожать, сопровождать; вводить; усаживать, показывать места";verb;ˈʌʃə;;"""It's nearly out."" He ushered them inside.";HARRY POTTER AND THE SORCERER'S STONE (book)
utter;"произносить; выражать словами; изрекать; молвить";verb;;express;;
utterly;весьма, крайне, очень, чрезвычайно;adverb;ˈʌtəlɪ;;Similarly you may explain the order in the universe by saying that all things, even the souls of men, are leaves inevitably unfolding on a utterly unconscious tree - the blind destiny of matter.;MYSTAGOGY
vague;"1) неопределённый, неясный, смутный (not clearly expressed, known, described or decided); 2) нечёткий, бесформенный (not clear in shape, or not clearly seen)";adjective;veɪg;faint, obscure;Percy muttered vaguely about needing a new quill.;HARRY POTTER AND THE CHAMBER OF SECRETS (book)
vain;"1) тщетный, напрасный; 2) тщеславный";adjective;;arrogant, conceited, futile, proud;;traits
valiant;храбрый, отважный, доблестный (о человеке);adjective;;brave, courageous;Harry Potter is valiant and bold! He has braved so many dangers already!;HARRY POTTER AND THE CHAMBER OF SECRETS (book), traits
vanilla;"1) flavored with vanilla extract; 2) describes a product or service that is basic and has no special features";adjective;vəˈnɪlə;;For this, you'll need a vanilla Ext Page with no widgets loaded, as shown in the following listing.;INFORMATION TECHNOLOGIES
vanish;исчезать, пропадать;verb;;disappear;Imagine sitting at a table with a fork, about to spear the last piece of food on a platter, and as your fork reaches for it, the food suddenly vanishes - because your thread was suspended and another diner came in and ate the food.;
vanity;"1) суета, суетность; тщета, тщетность; 2) тщеславие";noun;;;Vanity Fair is a contemporary American magazine of pop culture, fashion, and politics.;LANGUAGE COURSES
vanquish;побеждать, покорять;verb;;conquer, defeat, overcome;Napoleon was vanquished at the battle of Waterloo in 1815.;battle, REPEATING, сложные слова
vary;"менять(ся); изменять(ся)";verb;;alter, change;;
vehemence;сила, горячность, страстность;noun;ˈviːəməns;;His mother, coming home, growled as she smelt the wolverine's track, and bounded into the cave and licked and nozzled him with undue vehemence of affection.;WHITE FANG (book)
velvet;бархатный;adjective;;;They found their beds at last: five four-posters hung with deep red, velvet curtains.;HARRY POTTER AND THE SORCERER'S STONE (book)
venerate;"благоговеть (перед кем-л.); чтить, почитать (кого-л.)";verb;;;Today many faithful come to venerate the tomb of St. Paraskevi in Pounta and on July 26th a great feast is held in her honor.;MYSTAGOGY, religion
venture;"рисковать, ставить на карту; отважиться, осмелиться";verb;;dare, risk;;
verbose;многословный (using or containing more words than are necessary);adjective;vɜːˈbəʊs;;When exploring some of the layouts, we'll hit upon examples that are verbose, and thus lengthy, and can serve as a great springboard or starting point for your lay-out endeavors.;INFORMATION TECHNOLOGIES
vessel;"судно; корабль; самолет";noun;;;;
vice;зло, порок;noun;;;Greed, pride, envy, dishonesty and lust are considered to be vices.;MYSTAGOGY, religion
vicious;"1) порочный; 2) злой";adjective;ˈvɪʃəs;;They don't look very vicious, but I suppose if they all swooped down at once...;HARRY POTTER AND THE SORCERER'S STONE (book), traits
vile;"подлый; гнусный, отвратительный (morally reprehensible)";adjective;;heinous, wicked;;violence, самые сложные слова, сложные слова
violate;нарушать, попирать, преступать;verb;ˈvaɪəleɪt;;Co- and contravariance are means to add flexibility to the type system, ideally while making sure type safety cannot be violated.;INFORMATION TECHNOLOGIES, law
virtually;"фактически, практически, в сущности; поистине";adverb;ˈvɜːtʃuəlɪ;;It's virtually impossible to translate this phrase.[Перевести эту фразу практически невозможно.];LANGUAGE COURSES
vital;"жизненный; жизненно важный; существенный";adjective;;essential;;
vivid;"яркий; живой, пылкий";adjective;;bright;;
vomit;"извергать; страдать рвотой";verb;;puke;It was about the worst thing I could've done, because the minute I started to laugh I thought I was going to vomit.;THE CATCHER IN THE RYE (book)
vowel;гласный звук;noun;ˈvaʊəl;;;
vulture;"гриф; стервятник";noun;;;;birds
wade;"переходить вброд; пробираться, идти с трудом (to walk through water with difficulty because of the pressure of the water against your legs)";verb;;;Hagrid was wading toward them through the sea of books.;HARRY POTTER AND THE CHAMBER OF SECRETS (book), moving (verbs)
waffle;(пустая) болтовня, трёп (talk or writing that uses a lot of words but does not give any useful information);noun;wɔfl;;And I must trouble you with an old man's wheezing waffle before we sink our teeth into our delicious feast.;HARRY POTTER AND THE SORCERER'S STONE (book)
waft;"1) нестись, доноситься (о звуках, запахах); 2) легко дуть (о ветре)";verb;;;On Halloween morning they woke to the delicious smell of baking pumpkin wafting through the corridors.;HARRY POTTER AND THE SORCERER'S STONE (book)
wage;заработная плата (рабочих) ;noun;;salary;He is paid a good wage, because he works for a fair employer.;LANGUAGE COURSES, work
waggle;"помахивать; покачивать (move quickly up and down or from side to side)";verb;wægl;;It waggled its long ears, making up its tiny mind, then slouched slowly into the room.;HARRY POTTER AND THE SORCERER'S STONE (book)
wail;вопить, выть (to make a long, high cry, usually because of pain or sadness);verb;;howl, roar, whimper;;animals, sounds
wake;"просыпаться, будить; возбуждать";verb;;rouse, waken;Please wake me early tomorrow.;
waken;"пробуждать, будить; просыпаться";verb;;rouse, wake;I shook him but he didn't waken. | Waken me at 7, would you?;
wally;(разг.) болван, тупица, придурок;noun;ˈwɔlɪ;berk, dope, dunderhead;It's like they're pally-wally when there's a problem with their printer but once it's fixed... They toss us away like yesterday's jam!;IT CROWD, odd people
wand;"палочка; дирижерская палочка; волшебная палочка";noun;;;Your father, on the other hand, favored a mahogany wand.;HARRY POTTER AND THE SORCERER'S STONE (book)
wander;"бродить, забредать; странствовать; блуждать; скитаться";verb;;ramble, stray;The bag of gold, silver, and bronze jangling cheerfully in Harry's pocket was clamoring to be spent, so he bought three large strawberry and peanut butter ice creams, which they slurped happily as they wandered up the alley.;moving (verbs)
warlock;(уст.) волшебник, колдун, маг;noun;ˈwɔːlɔk;sorcerer;No one wants to read about some ugly old Armenian warlock, even if he did save a village from werewolves.;HARRY POTTER AND THE CHAMBER OF SECRETS (book), mythology
waste away;чахнуть, истощаться, угасать;phrase;;;Men have wasted away before the Mirror, entranced by what they have seen, or been driven mad, not knowing if what it shows is real or even possible.;HARRY POTTER AND THE SORCERER'S STONE (book), phrasal verbs
wave;"развеваться; качаться; размахивать, взмахнуть";verb;;;Harry saw the ghost of the Fat Friar waving merrily at her. | She whipped out her wand, waved it, muttered something, and sent a jet of the same bluebell flames she had used on Snape at the plant.;
weary;"утомленный, изнывающий от скуки, утомительный; уставший";adjective;;exhausted, run-down, tired;;appearance
weasel;ласка;noun;;;;animals
weed;"сорная трава; сорняк";noun;;;;HARRY POTTER AND THE SORCERER'S STONE (book)
weep;"1) плакать, оплакивать, рыдать; 2) покрываться каплями, запотевать";verb;;cry, sob;to weep bitterly[горько плакать];sounds
weirdo;"странная личность; чудак";noun;;;He drummed his fingers on the steering wheel and his eyes fell on a huddle of these weirdos standing quite close by.;HARRY POTTER AND THE SORCERER'S STONE (book), odd people
well-bred;"благовоспитанный; породистый";adjective;;refined;;LANGUAGE COURSES, traits
well over;"далеко за; свыше";adverb;;;Well over half of Japan's high school students own one, many of them Internet enabled.;LANGUAGE COURSES
werewolf;оборотень;noun;ˈwɪəwulf;;The next morning in Defense Against the Dark Arts, while copying down different ways of treating werewolf bites, Harry and Ron were still discussing what they'd do with a Sorcerer's Stone if they had one.;HARRY POTTER AND THE SORCERER'S STONE (book), mythology
wet;мокрый, влажный, сырой;adjective;;damp, humid, moist, soaked, soggy;He was always going down the corridor, after he'd had a shower, snapping his soggy old wet towel at people's asses. | It wasn't too cold, but the sun still wasn't out, and there didn't look like there was anything in the park except dog crap and globs of spit and cigar butts from old men, and the benches all looked like they'd be wet if you sat down on them.;
whatnot;точно не указанные вещи в ряду других подобных вещей (other similar things);noun;ˈwɔtnɔt;;Various overloads of this method exist, which allow the specification of timeout values and whatnot.;INFORMATION TECHNOLOGIES
wheel;"1) катить; 2) везти; 3) описывать круги; 4) поворачивать(ся)";verb;;roll, trundle;Uncle Vernon dumped Harry's trunk onto a cart and wheeled it into the station for him.;
wheeze;"дышать с присвистом; хрипеть";verb;;;"And I must trouble you with an old man's wheezing waffle before we sink our teeth into our delicious feast. | Break a rule in front of her, put just one toe out of line, and she'd whisk off for Filch, who'd appear, wheezing, two seconds later. | ""Go to your cupboard - I mean, your bedroom,"" he wheezed at Harry.";HARRY POTTER AND THE SORCERER'S STONE (book), sounds
whimper;хныкать, скулить (cry weakly or softly);verb;;wail;I said she couldn't have an ice cream and she started to whimper.;sounds
whine;"1) жаловаться, плакаться; ныть; 2) завывать, подвывать, скулить (о животном); 3) make a high-pitched, screeching noise";verb;;creak, screech, snivel;Alice, if you carry on whining like that I won't take you - do you understand! | Leon's dog was sitting by the door whining, so I thought I'd better take it for a walk. | My car engine makes a whining noise.;animals, sounds
whip;"1) ударять; хлестать, сечь (кнутом, плетью); 2) выхватить, быстро вытащить (что-л.)";verb;;lash;She whipped out her wand, waved it, muttered something, and sent a jet of the same bluebell flames she had used on Snape at the plant.;striking (verbs)
whirl;вертеться, кружиться;verb;wɜːl;twiddle;The snow whirled through the air.;REPEATING
whisk off for smb.;сгонять (take away quickly and suddenly) за кем.-л.;phrase;;;Break a rule in front of her, put just one toe out of line, and she'd whisk off for Filch, who'd appear, wheezing, two seconds later.;HARRY POTTER AND THE SORCERER'S STONE (book), phrasal verbs
whisper;"шептать(ся); шелестеть, шуршать";verb;;murmur;;sounds
whittle;"1) строгать или оттачивать ножом (дерево); 2) вырезать";verb;;;Inside was a roughly cut wooden flute. Hagrid had obviously whittled it himself.;HARRY POTTER AND THE SORCERER'S STONE (book)
whore;"блудница; потаскушка";noun;;prostitute;It was the address of this girl that wasn't exactly a whore or anything but that didn't mind doing it once in a while, this Princeton guy told me.;odd people, THE CATCHER IN THE RYE (book), самые сложные слова
wicked;"1) злой; нехороший; 2) безнравственный; грешный";adjective;;heinous, vile;A toothless old man came ambling up to them, pointing, with a rather wicked grin, at an old rowboat bobbing in the iron-gray water below them. | There was a pop, and a little man with wicked, dark eyes and a wide mouth appeared, floating crosslegged in the air, clutching the walking sticks.;HARRY POTTER AND THE SORCERER'S STONE (book), traits, violence
wig;парик;noun;;;Harry often said that Dudley looked like a pig in a wig.;HARRY POTTER AND THE SORCERER'S STONE (book)
willow;ива;noun;;;;HARRY POTTER AND THE SORCERER'S STONE (book), plants
wily;"лукавый, хитрый; коварный";adjective;ˈwaɪlɪ;cunning, dodgy, sly, tricky;Americans used to be wily goats, now we're docile sheep.;fraud, LANGUAGE COURSES
wind;виться, извиваться, изгибаться;verb;waɪnd;;A long line wound right to the back of the shop, where Gilderoy Lockhart was signing his books. | Harry, Ron, and Hermione strolled off along the winding, cobbled street.;HARRY POTTER AND THE CHAMBER OF SECRETS (book)
windbreaker;ветровка;noun;;;;clothes, THE CATCHER IN THE RYE (book)
wire;"1) проволока; провод; 2) телеграмма";noun;;cable;;
wistful;задумчивый (о взгляде, улыбке);adjective;;;A new wistfulness was in her face, but it was not the wistfulness of hunger.;glance, WHITE FANG (book)
withdraw;"1) забирать, снимать (о деньгах); 2) ретироваться, удаляться, уходить";verb;;back out, retreat;There were many signs of the battle that had been fought, and of the lynx's withdrawal to her lair after having won the victory. | to withdraw money[снимать деньги];battle, WHITE FANG (book)
wither;"1) вянуть; увядать; отцветать; 2) блекнуть";verb;;fade;;plants
within an inch of one's life;в дюйме от смерти, почти насмерть, до полусмерти;adverb;;;He shooed the shocked Masons back into the dining room, promised Harry he would flay him to within an inch of his life when the Masons had left, and handed him a mop.;HARRY POTTER AND THE CHAMBER OF SECRETS (book), violence
woe betide smb.;(шутл.) горе тому, кто... (said when there will be trouble for someone, or they will be punished, if they do a particular thing);phrase;;;All right, if you think you know better than Lockhart, you can go and get on with it, and woe betide you if there's a single gnome in that garden when I come out to inspect it.;HARRY POTTER AND THE CHAMBER OF SECRETS (book)
wolf down;пожирать с жадностью;phrase;;bolt, devour;Harry, who could see a huge Dudley tantrum coming on, began wolfing down his bacon as fast as possible in case Dudley turned the table over.;eat, HARRY POTTER AND THE SORCERER'S STONE (book), phrasal verbs
wolverine;росомаха;noun;ˈwʊlvəˌriːn;;His mother, coming home, growled as she smelt the wolverine's track, and bounded into the cave and licked and nozzled him with undue vehemence of affection.;animals
workaholic;трудоголик;noun;ˌwɜːkəˈhɔlɪk;;Although genuine workaholics are uncommon, many of us are job addicts without realising it.;LANGUAGE COURSES, odd people, work
work flexitime;работать по гибкому рабочему графику;phrase;;;She allowed her employee to work flexitime after she became a mother.;LANGUAGE COURSES, work
work force;рабочая сила, работники, рабочие;noun;;;The majority of factories in the region have a work force of 50 to 100 people.;LANGUAGE COURSES, work
workmanship;"искусство, мастерство, умение; квалификация";noun;;;The workmanship which went into some of these pieces of furniture was truly remarkable.;LANGUAGE COURSES, work
work on smth.;работать над чем-л. (to spend time repairing or improving something);phrase;;;"Did you and her... hit it off? - Define ""hit it off""? - Did she continue talking to you once you'd fixed her computer? - No... And while I was working on it, she rested a cup on my back. | His dancing technique is good, but he needs to work on his fitness.";LANGUAGE COURSES, phrasal verbs, work
work part-time;работать неполный рабочий день;phrase;;;This doesn't mean that high school students shouldn't work at all, and in today's economic environment, many need to work part-time to help their families or save for college.;LANGUAGE COURSES, work
work-shy;ленивый, уклоняющийся от работы;adjective;;;Most of the unemployed are not work-shy and genuinely do want jobs.;LANGUAGE COURSES, work
worn-out;изношенный, обветшалый, поношенный, потёртый;adjective;;battered, beat-up, frayed, ragged, shabby;;clothes, LANGUAGE COURSES
worsen;ухудшать(ся);verb;;deteriorate;;
worship;поклоняться, почитать (to have or show a strong feeling of respect and admiration for God or a god);verb;ˈwɜːʃɪp;;In the various regions of India, Hindus worship different gods and observe different religious festivals.;LANGUAGE COURSES
wrangle;пререкаться, спорить, вздорить (to quarrel noisily, angrily or disruptively);verb;;brawl, quarrel;To their ears came the sounds of dogs wrangling and scuffling, the guttural cries of men, the sharper voices of scolding women.;
wriggle;"извиваться; изгибаться (to twist your body, or move part of your body, with small, quick movements)";verb;;;Wriggling and flailing, it unraveled itself from their bodies, and they were able to pull free.;HARRY POTTER AND THE SORCERER'S STONE (book)
wrinkle;складка, морщина;noun;;crease;;appearance
wrinkle;"морщить(ся); морщинить(ся)";verb;;crease, crinkle, crumple;;appearance
yap;пронзительно лаять, тявкать;verb;;yelp;;sounds
yearn;"1) жаждать, стремиться; 2) томиться, тосковать";verb;;crave, desire, long;;сложные слова
yell;"кричать; вопить; выкрикивать";verb;;call out, cry, scream, shout;;sounds
yellow;"1) желтый; 2) трусливый";adjective;;cowardly;And they had this goddam secret fraternity that I was too yellow not to join. | I'm one of these very yellow guys.;colors, THE CATCHER IN THE RYE (book), traits
yelp;визжать, лаять, тявкать;verb;;yap;;animals, sounds
yield;"1) уступать, пропускать вперёд; соглашаться (на что-л.); 2) подаваться, поддаваться; 3) сдаваться; прекращать сопротивление";verb;jiːld;give way;The door yielded to a strong push.[От сильного толчка дверь подалась.];LANGUAGE COURSES
yielding;мягкий, податливый (о материале);adjective;;;This was her day, when manes bristled, and fang smote fang or ripped and tore the yielding flesh, all for the possession of her.;WHITE FANG (book)
zeal;рвение, старание, усердие;noun;ziːl;;Zeal, however, must be accompanied by a profound sobriety and humility.;MYSTAGOGY
zealous;"1) рьяный, усердный; 2) пылкий, страстный";adjective;ˈzeləs;;In this age of widespread spiritual indifference, a soul zealous to ascend the ladder of perfection is indeed worthy of praise.;MYSTAGOGY
zoom;"1) менять масштаб изображения; 2) двигаться с жужжанием";verb;;;The way Seamus Finnigan told it, he'd spent most of his childhood zooming around the countryside on his broomstick. | They heard him zooming away, rattling coats of armor as he passed.;HARRY POTTER AND THE SORCERER'S STONE (book), moving (verbs)
